Preco_Venda,Qualidade_Geral,Area_Vivencia,Vagas_Garagem,Area_Garagem,Area_Porao,Area_1_Andar,Banheiros_Completos,Total_Comodos,Ar_Condicionado
208500,7,1710,2.0,548.0,856.0,856,2.0,8.0,Sim
181500,6,1262,2.0,460.0,1262.0,1262,2.0,6.0,Sim
223500,7,1786,2.0,608.0,920.0,920,2.0,6.0,Sim
140000,7,1717,3.0,642.0,756.0,961,1.0,7.0,Sim
250000,8,2198,3.0,836.0,1145.0,1145,2.0,9.0,Sim
143000,5,1362,2.0,480.0,796.0,796,1.0,5.0,Sim
307000,8,1694,2.0,636.0,1686.0,1694,2.0,7.0,Sim
200000,7,2090,2.0,484.0,1107.0,1107,2.0,7.0,Sim
129900,7,1774,2.0,468.0,952.0,1022,2.0,8.0,Sim
118000,5,1077,1.0,205.0,991.0,1077,1.0,5.0,Sim
129500,5,1040,1.0,384.0,,1040,1.0,5.0,Sim
345000,9,2324,3.0,736.0,1175.0,1182,3.0,11.0,Sim
144000,5,912,1.0,352.0,912.0,912,1.0,4.0,Sim
279500,7,1494,3.0,840.0,1494.0,1494,2.0,7.0,Sim
157000,6,1253,1.0,352.0,1253.0,1253,1.0,5.0,Sim
132000,7,854,2.0,576.0,832.0,854,1.0,5.0,Sim
149000,6,1004,2.0,480.0,1004.0,1004,1.0,5.0,Sim
90000,4,1296,2.0,516.0,0.0,1296,2.0,6.0,Sim
159000,5,1114,2.0,576.0,1114.0,1114,1.0,6.0,Sim
139000,5,1339,1.0,294.0,1029.0,1339,1.0,6.0,Sim
325300,8,2376,3.0,853.0,1158.0,1158,3.0,9.0,Sim
139400,7,1108,1.0,280.0,637.0,1108,1.0,6.0,Sim
230000,8,1795,2.0,534.0,1777.0,1795,2.0,7.0,Sim
129900,5,1060,2.0,572.0,,1060,1.0,6.0,Sim
154000,5,1060,1.0,270.0,1060.0,1060,1.0,6.0,Sim
256300,8,1600,3.0,890.0,1566.0,1600,2.0,7.0,Sim
134800,5,900,2.0,576.0,900.0,900,1.0,5.0,Sim
306000,8,1704,3.0,772.0,1704.0,1704,2.0,7.0,Sim
207500,5,1600,1.0,319.0,1484.0,1600,1.0,6.0,Sim
68500,4,520,1.0,240.0,520.0,520,1.0,4.0,Não
40000,4,1317,1.0,250.0,649.0,649,1.0,,Não
149350,5,1228,1.0,271.0,1228.0,1228,1.0,6.0,Sim
179900,8,1234,2.0,484.0,1234.0,1234,2.0,7.0,Sim
165500,5,1700,2.0,447.0,1398.0,1700,1.0,6.0,Sim
277500,9,1561,2.0,556.0,1561.0,1561,2.0,6.0,Sim
309000,8,2452,3.0,691.0,1117.0,1132,3.0,9.0,Sim
145000,5,1097,2.0,672.0,1097.0,1097,1.0,6.0,Sim
153000,5,1297,2.0,498.0,1297.0,1297,1.0,5.0,Sim
109000,5,1057,1.0,246.0,1057.0,1057,1.0,5.0,Sim
82000,4,1152,0.0,0.0,0.0,1152,2.0,6.0,Não
160000,6,1324,2.0,440.0,1088.0,1324,2.0,6.0,Sim
170000,5,1328,1.0,308.0,1350.0,1328,1.0,5.0,Sim
144000,5,884,2.0,504.0,840.0,884,1.0,5.0,Sim
130250,5,938,1.0,308.0,938.0,938,1.0,5.0,Sim
141000,5,1150,1.0,300.0,1150.0,1150,1.0,6.0,Sim
319900,9,1752,2.0,576.0,1752.0,1752,2.0,6.0,Sim
239686,7,2149,2.0,670.0,1434.0,1518,1.0,6.0,Sim
249700,8,1656,3.0,826.0,1656.0,1656,2.0,7.0,Sim
113000,4,1452,0.0,0.0,736.0,736,2.0,8.0,Sim
127000,5,955,1.0,386.0,955.0,955,1.0,6.0,Sim
177000,6,1470,2.0,388.0,794.0,794,2.0,6.0,Sim
114500,6,1176,2.0,528.0,816.0,816,1.0,6.0,Sim
110000,5,816,2.0,516.0,816.0,816,1.0,,Não
385000,9,1842,3.0,894.0,1842.0,1842,0.0,5.0,Sim
130000,5,1360,2.0,572.0,384.0,1360,1.0,6.0,Sim
180500,6,1425,2.0,576.0,1425.0,1425,2.0,7.0,Sim
172500,8,1739,2.0,480.0,970.0,983,2.0,7.0,Sim
196500,7,1720,2.0,565.0,860.0,860,2.0,7.0,Sim
438780,10,2945,3.0,641.0,1410.0,1426,3.0,10.0,Sim
124900,5,780,1.0,352.0,780.0,780,1.0,4.0,Sim
158000,6,1158,2.0,576.0,1158.0,1158,1.0,5.0,Sim
101000,5,1111,1.0,288.0,530.0,581,1.0,6.0,Não
202500,8,1370,2.0,484.0,1370.0,1370,2.0,6.0,Sim
140000,7,1710,2.0,480.0,576.0,902,2.0,9.0,Sim
219500,7,2034,2.0,645.0,1057.0,1057,2.0,8.0,Sim
317000,8,2473,3.0,852.0,1143.0,1143,2.0,9.0,Sim
180000,7,2207,2.0,576.0,1947.0,2207,2.0,7.0,Sim
226000,7,1479,,558.0,1453.0,1479,2.0,7.0,Sim
80000,4,747,1.0,220.0,747.0,747,1.0,4.0,Sim
225000,7,2287,2.0,667.0,1304.0,1304,2.0,7.0,Sim
244000,7,2223,2.0,516.0,2223.0,2223,2.0,8.0,Sim
129500,4,845,2.0,360.0,,845,1.0,4.0,Sim
185000,7,1718,2.0,427.0,832.0,885,2.0,7.0,Sim
144900,5,1086,2.0,490.0,1086.0,1086,1.0,6.0,Sim
107400,3,1605,1.0,379.0,840.0,840,2.0,8.0,Não
91000,4,988,1.0,297.0,462.0,526,1.0,5.0,Sim
135750,4,952,1.0,283.0,952.0,952,1.0,4.0,Sim
127000,5,1285,1.0,240.0,672.0,1072,1.0,6.0,Sim
136500,4,1768,0.0,0.0,1768.0,1768,2.0,8.0,Não
110000,5,1230,2.0,440.0,440.0,682,1.0,5.0,Sim
193500,6,2142,1.0,509.0,896.0,1182,2.0,8.0,Sim
153500,6,1337,2.0,405.0,1237.0,1337,2.0,5.0,Sim
245000,8,1563,3.0,758.0,1563.0,1563,2.0,6.0,Sim
126500,5,1065,2.0,461.0,1065.0,1065,1.0,6.0,Sim
168500,7,1474,2.0,400.0,384.0,804,2.0,7.0,Sim
260000,8,2417,2.0,462.0,1288.0,1301,2.0,9.0,Sim
174000,6,1560,2.0,400.0,684.0,684,2.0,6.0,Sim
164500,6,1224,2.0,528.0,612.0,612,2.0,4.0,Sim
85000,3,1526,0.0,0.0,1013.0,1013,1.0,6.0,Não
123600,4,990,0.0,0.0,990.0,990,1.0,5.0,Sim
109900,4,1040,2.0,420.0,0.0,1040,1.0,4.0,Sim
98600,5,1235,2.0,480.0,1235.0,1235,1.0,6.0,Sim
163500,5,964,2.0,432.0,876.0,964,1.0,5.0,Sim
133900,6,2291,2.0,,1214.0,1260,2.0,9.0,Não
204750,6,1786,2.0,684.0,824.0,905,2.0,7.0,Sim
185000,6,1470,2.0,420.0,680.0,680,2.0,6.0,Sim
214000,7,1588,2.0,472.0,1588.0,1588,2.0,6.0,Sim
94750,4,960,1.0,432.0,960.0,960,1.0,6.0,Sim
83000,5,835,1.0,366.0,458.0,835,1.0,5.0,Não
128950,4,1225,0.0,0.0,950.0,1225,1.0,6.0,Sim
205000,6,1610,2.0,480.0,1610.0,1610,2.0,6.0,Sim
178000,6,1732,2.0,476.0,741.0,977,2.0,7.0,Sim
118964,5,1535,2.0,410.0,0.0,1535,2.0,8.0,Sim
198900,7,1226,3.0,740.0,1226.0,1226,2.0,6.0,Sim
169500,7,1818,1.0,240.0,1040.0,1226,1.0,7.0,Sim
250000,8,1992,2.0,648.0,1053.0,1053,2.0,9.0,Sim
100000,4,1047,1.0,273.0,641.0,1047,1.0,6.0,Sim
115000,5,789,1.0,250.0,789.0,789,1.0,5.0,Sim
115000,5,1517,0.0,0.0,793.0,997,2.0,7.0,Não
190000,6,1844,2.0,546.0,1844.0,1844,2.0,7.0,Sim
136900,6,1855,1.0,325.0,994.0,1216,2.0,7.0,Sim
180000,7,1430,2.0,400.0,384.0,774,2.0,7.0,Sim
383970,7,2696,3.0,792.0,1264.0,1282,2.0,10.0,Sim
217000,6,2259,2.0,450.0,1809.0,2259,2.0,7.0,Sim
259500,6,2320,1.0,180.0,1028.0,1436,2.0,9.0,Sim
176000,6,1458,2.0,440.0,729.0,729,2.0,5.0,Sim
139000,5,1092,1.0,288.0,,1092,1.0,6.0,Sim
155000,5,1125,2.0,430.0,1125.0,1125,1.0,5.0,Sim
320000,7,3222,3.0,594.0,1673.0,1699,3.0,11.0,Sim
163990,6,1456,2.0,390.0,728.0,728,2.0,8.0,Sim
180000,6,988,2.0,540.0,938.0,988,1.0,4.0,Sim
100000,4,1123,1.0,264.0,732.0,772,1.0,4.0,Sim
136000,6,1080,1.0,288.0,1080.0,1080,1.0,5.0,Sim
153900,6,1199,2.0,530.0,1199.0,1199,2.0,5.0,Sim
181000,6,1586,2.0,435.0,1362.0,1586,2.0,7.0,Sim
84500,6,754,0.0,0.0,520.0,520,1.0,5.0,Não
128000,6,958,2.0,440.0,1078.0,958,2.0,5.0,Sim
87000,5,840,0.0,0.0,672.0,840,1.0,5.0,Sim
155000,6,1348,2.0,453.0,660.0,660,1.0,6.0,Sim
150000,5,1053,2.0,750.0,,1053,1.0,6.0,Sim
226000,7,2157,2.0,487.0,924.0,1216,2.0,8.0,Sim
244000,6,2054,2.0,390.0,992.0,1022,2.0,7.0,Sim
150750,5,1327,2.0,624.0,1063.0,1327,1.0,7.0,Sim
220000,8,1296,2.0,471.0,1267.0,1296,2.0,6.0,Sim
180000,5,1721,2.0,440.0,1461.0,1721,2.0,7.0,Sim
174000,7,1682,2.0,530.0,1304.0,1682,2.0,7.0,Sim
143000,5,1214,1.0,318.0,1214.0,1214,2.0,5.0,Sim
171000,7,1959,3.0,766.0,1907.0,1959,3.0,9.0,Sim
230000,8,1852,3.0,,1004.0,1004,2.0,7.0,Sim
231500,6,1764,2.0,470.0,928.0,928,2.0,7.0,Sim
115000,4,864,0.0,0.0,864.0,864,1.0,5.0,Sim
260000,7,1734,2.0,660.0,1734.0,1734,2.0,,Sim
166000,5,1385,2.0,720.0,910.0,910,2.0,6.0,Sim
204000,7,1501,2.0,577.0,1490.0,1501,2.0,6.0,Sim
125000,5,1728,2.0,504.0,1728.0,1728,2.0,10.0,Sim
130000,6,1709,2.0,380.0,970.0,970,2.0,7.0,Sim
105000,5,875,1.0,180.0,715.0,875,1.0,5.0,Sim
222500,7,2035,2.0,434.0,884.0,884,2.0,8.0,Sim
141000,7,1080,0.0,0.0,1080.0,1080,1.0,6.0,Sim
115000,5,1344,1.0,240.0,896.0,896,1.0,7.0,Sim
122000,5,969,2.0,440.0,969.0,969,1.0,5.0,Sim
372402,8,1710,3.0,866.0,1710.0,1710,2.0,6.0,Sim
190000,6,1993,2.0,495.0,825.0,1097,2.0,8.0,Sim
235000,6,1252,2.0,564.0,1602.0,1252,,4.0,Sim
125000,6,1200,1.0,312.0,1200.0,1200,1.0,7.0,Sim
79000,6,1096,0.0,0.0,572.0,572,1.0,5.0,Não
109500,5,1040,2.0,625.0,0.0,1040,1.0,5.0,Sim
269500,8,1968,3.0,680.0,774.0,774,2.0,8.0,Sim
254900,7,1947,2.0,678.0,991.0,991,2.0,8.0,Sim
320000,7,2462,2.0,576.0,1392.0,1392,2.0,9.0,Sim
162500,6,1232,2.0,516.0,1232.0,1232,2.0,6.0,Sim
412500,9,2668,3.0,726.0,1572.0,1572,2.0,10.0,Sim
220000,7,1541,2.0,532.0,1541.0,1541,2.0,7.0,Sim
103200,4,882,0.0,0.0,882.0,882,1.0,4.0,Sim
152000,6,1616,1.0,216.0,1149.0,1149,2.0,5.0,Sim
127500,5,1355,0.0,0.0,644.0,808,2.0,6.0,Sim
190000,5,1867,1.0,303.0,1617.0,1867,1.0,7.0,Sim
325624,8,2161,3.0,789.0,1582.0,1610,1.0,8.0,Sim
183500,7,1720,,440.0,840.0,840,2.0,7.0,Sim
228000,8,1707,2.0,511.0,1686.0,1707,2.0,6.0,Sim
128500,5,1382,2.0,660.0,720.0,854,1.0,7.0,Sim
215000,6,1656,2.0,528.0,1080.0,1656,1.0,7.0,Sim
239000,7,1767,2.0,504.0,1064.0,1064,2.0,5.0,Sim
163000,6,1362,2.0,504.0,1362.0,1362,1.0,6.0,Sim
184000,6,1651,2.0,616.0,1606.0,1651,2.0,7.0,Sim
243000,6,2158,2.0,576.0,1202.0,2158,2.0,7.0,Sim
211000,6,2060,2.0,521.0,1151.0,1164,2.0,8.0,Sim
172500,5,1920,2.0,451.0,1052.0,1252,2.0,8.0,Sim
501837,9,2234,3.0,1166.0,2216.0,2234,2.0,9.0,Sim
100000,5,968,2.0,480.0,968.0,968,1.0,5.0,Sim
177000,6,1525,2.0,440.0,756.0,769,2.0,5.0,Sim
200100,7,1802,1.0,216.0,793.0,901,1.0,9.0,Sim
120000,5,1340,1.0,252.0,0.0,1340,1.0,7.0,Sim
200000,7,2082,2.0,484.0,1362.0,1362,2.0,6.0,Sim
127000,5,1252,2.0,576.0,504.0,936,1.0,5.0,Sim
475000,10,3608,3.0,840.0,1107.0,1518,2.0,12.0,Sim
173000,7,1217,2.0,497.0,1188.0,1217,2.0,6.0,Sim
135000,5,1656,1.0,180.0,660.0,808,2.0,8.0,Sim
153337,5,1224,2.0,528.0,1086.0,1224,0.0,6.0,Sim
286000,8,1593,2.0,682.0,1593.0,1593,1.0,5.0,Sim
315000,8,2727,2.0,440.0,853.0,1549,2.0,10.0,Sim
184000,7,1479,2.0,484.0,725.0,725,1.0,7.0,Sim
192000,7,1431,2.0,666.0,1431.0,1431,2.0,6.0,Sim
130000,7,1709,2.0,380.0,970.0,970,2.0,7.0,Sim
127000,5,864,1.0,352.0,864.0,864,1.0,5.0,Sim
148500,6,1456,2.0,440.0,855.0,855,2.0,7.0,Sim
311872,7,1726,3.0,786.0,1726.0,1726,2.0,8.0,Sim
235000,8,3112,2.0,795.0,1360.0,1360,2.0,8.0,Sim
104000,6,2229,0.0,0.0,755.0,929,1.0,8.0,Sim
274900,8,1713,3.0,856.0,1713.0,1713,2.0,7.0,Sim
140000,4,1121,2.0,440.0,1121.0,1121,2.0,5.0,Sim
171500,6,1279,2.0,473.0,1196.0,1279,2.0,6.0,Sim
112000,6,1310,1.0,398.0,617.0,865,2.0,6.0,Sim
149000,6,848,2.0,420.0,848.0,848,1.0,3.0,Sim
110000,5,1284,1.0,240.0,720.0,720,1.0,5.0,Sim
180500,7,1442,2.0,500.0,1424.0,1442,2.0,5.0,Sim
143900,5,1696,1.0,,1140.0,1696,1.0,8.0,Sim
141000,4,1100,1.0,312.0,1100.0,1100,1.0,6.0,Sim
277000,7,2062,2.0,454.0,1157.0,1180,2.0,7.0,Sim
145000,6,1092,2.0,504.0,1092.0,1092,1.0,6.0,Sim
98000,5,864,0.0,0.0,864.0,864,1.0,5.0,Não
186000,6,1212,2.0,460.0,1212.0,1212,2.0,6.0,Sim
252678,7,1852,2.0,644.0,900.0,932,2.0,7.0,Sim
156000,5,990,2.0,576.0,990.0,990,1.0,5.0,Sim
161750,6,1392,1.0,299.0,689.0,689,1.0,6.0,Sim
134450,5,1236,1.0,447.0,1070.0,1236,1.0,6.0,Sim
210000,7,1436,2.0,484.0,1436.0,1436,2.0,8.0,Sim
107000,4,1328,1.0,210.0,686.0,810,1.0,8.0,Não
311500,7,1954,,431.0,798.0,1137,1.0,8.0,Sim
167240,7,1248,2.0,438.0,,1248,2.0,5.0,Sim
204900,7,1498,2.0,675.0,1498.0,1498,2.0,5.0,Sim
200000,6,2267,2.0,390.0,1010.0,1010,2.0,8.0,Sim
179900,6,1552,2.0,434.0,713.0,811,2.0,6.0,Sim
97000,4,864,2.0,576.0,864.0,864,1.0,4.0,Sim
386250,10,2392,3.0,968.0,2392.0,2392,2.0,8.0,Sim
112000,5,1302,1.0,280.0,630.0,630,2.0,6.0,Sim
290000,7,2520,3.0,721.0,1203.0,1214,2.0,9.0,Sim
106000,6,987,1.0,280.0,483.0,483,1.0,5.0,Sim
125000,5,912,1.0,336.0,912.0,912,1.0,5.0,Sim
192500,7,1555,2.0,430.0,1373.0,1555,2.0,7.0,Sim
148000,6,1194,1.0,312.0,1194.0,1194,1.0,6.0,Sim
403000,8,2794,3.0,810.0,1462.0,1490,2.0,9.0,Sim
94500,6,987,1.0,288.0,483.0,483,1.0,5.0,Sim
128200,5,894,1.0,308.0,894.0,894,1.0,5.0,Sim
216500,6,1960,2.0,440.0,860.0,860,2.0,8.0,Sim
89500,6,987,1.0,264.0,483.0,483,1.0,5.0,Sim
185500,7,1414,2.0,494.0,1414.0,1414,2.0,6.0,Sim
194500,7,1744,2.0,457.0,996.0,1014,2.0,7.0,Sim
318000,8,1694,3.0,818.0,1694.0,1694,2.0,7.0,Sim
113000,6,1487,1.0,220.0,735.0,798,1.0,7.0,Sim
262500,8,1566,2.0,750.0,1566.0,1566,2.0,7.0,Sim
110500,5,866,0.0,0.0,686.0,866,1.0,4.0,Sim
79000,5,1440,1.0,352.0,,889,1.0,6.0,Não
120000,6,1217,1.0,288.0,626.0,626,1.0,6.0,Sim
205000,7,2110,2.0,463.0,948.0,1222,2.0,8.0,Sim
241500,7,1872,2.0,604.0,1845.0,1872,2.0,6.0,Sim
137000,6,1928,1.0,440.0,1020.0,908,2.0,9.0,Não
140000,6,1375,2.0,451.0,1367.0,1375,1.0,5.0,Sim
180000,7,1668,2.0,500.0,840.0,840,2.0,8.0,Sim
277000,6,2144,2.0,389.0,1444.0,1444,2.0,7.0,Sim
76500,3,1306,0.0,0.0,728.0,1306,1.0,6.0,Sim
235000,8,1625,2.0,538.0,1573.0,1625,2.0,5.0,Sim
173000,6,1640,2.0,520.0,798.0,798,2.0,6.0,Sim
158000,6,1302,1.0,309.0,1302.0,1302,2.0,7.0,Sim
145000,5,1314,1.0,294.0,1314.0,1314,1.0,5.0,Sim
230000,7,2291,2.0,429.0,975.0,1005,2.0,8.0,Sim
207500,6,1728,2.0,673.0,864.0,864,2.0,7.0,Sim
220000,7,1604,2.0,660.0,1604.0,1604,2.0,8.0,Sim
231500,7,1792,2.0,564.0,963.0,963,2.0,7.0,Sim
97000,5,882,1.0,308.0,0.0,882,1.0,4.0,Sim
176000,6,1382,2.0,884.0,1362.0,1382,1.0,6.0,Sim
276000,8,2574,3.0,868.0,1482.0,1482,2.0,10.0,Sim
151000,6,1212,2.0,492.0,506.0,1212,1.0,6.0,Sim
130000,5,1316,2.0,484.0,926.0,926,1.0,6.0,Sim
73000,5,764,2.0,504.0,680.0,764,1.0,4.0,Não
175500,6,1422,2.0,576.0,1422.0,1422,2.0,7.0,Sim
185000,6,1511,2.0,413.0,802.0,802,2.0,8.0,Sim
179500,5,2192,1.0,240.0,720.0,1052,2.0,8.0,Sim
120500,5,778,1.0,924.0,740.0,778,1.0,4.0,Sim
148000,6,1113,1.0,504.0,1143.0,1113,1.0,6.0,Sim
266000,8,1939,3.0,1053.0,1095.0,1095,2.0,8.0,Sim
241500,7,1363,2.0,439.0,1385.0,1363,1.0,5.0,Sim
290000,8,2270,3.0,671.0,1152.0,1164,2.0,9.0,Sim
139000,6,1632,1.0,338.0,1240.0,1632,2.0,6.0,Sim
124500,5,816,1.0,264.0,,816,1.0,5.0,Sim
205000,7,1548,2.0,672.0,952.0,952,2.0,5.0,Não
201000,7,1560,2.0,573.0,1560.0,1560,2.0,7.0,Sim
141000,4,864,2.0,400.0,864.0,864,1.0,4.0,Sim
415298,9,2121,3.0,732.0,2121.0,2121,2.0,8.0,Sim
192000,7,2022,2.0,505.0,1160.0,1156,2.0,8.0,Sim
228500,7,1982,2.0,575.0,807.0,1175,2.0,7.0,Sim
185000,6,1262,2.0,572.0,1262.0,1262,2.0,5.0,Sim
207500,7,1314,2.0,626.0,1314.0,1314,2.0,6.0,Sim
244600,8,1468,3.0,898.0,1468.0,1468,2.0,6.0,Sim
179200,6,1575,2.0,529.0,,1575,2.0,5.0,Sim
164700,7,1250,2.0,528.0,625.0,625,2.0,5.0,Sim
159000,6,1734,2.0,440.0,912.0,1085,1.0,7.0,Sim
88000,4,858,0.0,0.0,,858,1.0,5.0,Sim
122000,5,900,1.0,280.0,882.0,900,1.0,5.0,Sim
153575,6,1396,1.0,384.0,698.0,698,1.0,7.0,Sim
233230,8,1919,2.0,685.0,1079.0,1079,2.0,8.0,Sim
135900,5,1716,0.0,0.0,780.0,936,2.0,9.0,Não
131000,5,1716,1.0,281.0,768.0,1148,1.0,8.0,Sim
235000,7,2263,2.0,539.0,795.0,1468,2.0,9.0,Sim
167000,6,1644,2.0,418.0,1416.0,1644,1.0,7.0,Sim
142500,6,1003,2.0,588.0,1003.0,1003,1.0,6.0,Sim
152000,5,1558,1.0,282.0,910.0,910,,6.0,Sim
239000,7,1950,2.0,576.0,975.0,975,2.0,7.0,Sim
175000,6,1743,2.0,539.0,702.0,1041,1.0,7.0,Sim
158500,6,1152,1.0,300.0,1092.0,1152,1.0,6.0,Sim
157000,5,1336,1.0,375.0,1165.0,1336,1.0,5.0,Sim
267000,8,2452,2.0,683.0,1028.0,1210,2.0,9.0,Sim
205000,7,1541,3.0,843.0,1541.0,1541,2.0,6.0,Sim
149900,5,894,2.0,552.0,894.0,894,1.0,5.0,Sim
295000,7,3493,3.0,870.0,1470.0,1675,3.0,10.0,Sim
305900,8,2000,3.0,888.0,2000.0,2000,2.0,8.0,Sim
225000,7,2243,3.0,746.0,700.0,1122,2.0,8.0,Sim
89500,6,1406,0.0,0.0,319.0,1035,1.0,6.0,Sim
82500,4,861,2.0,539.0,,861,1.0,4.0,Sim
360000,9,1944,3.0,708.0,1896.0,1944,2.0,8.0,Sim
165600,6,1501,2.0,420.0,697.0,697,2.0,6.0,Sim
132000,6,972,1.0,240.0,972.0,972,1.0,5.0,Sim
119900,5,1118,2.0,410.0,793.0,793,1.0,5.0,Sim
375000,7,2036,2.0,513.0,2136.0,2036,2.0,8.0,Sim
178000,7,1641,2.0,546.0,728.0,832,1.0,,Sim
188500,7,1432,2.0,432.0,716.0,716,2.0,6.0,Sim
260000,7,2353,2.0,484.0,845.0,1153,2.0,10.0,Sim
270000,8,1959,3.0,1025.0,1088.0,1088,2.0,8.0,Sim
260000,7,2646,3.0,656.0,,1372,2.0,9.0,Sim
187500,7,1472,2.0,588.0,1372.0,1472,,6.0,Sim
342643,9,2596,3.0,840.0,1249.0,1249,3.0,9.0,Sim
354000,8,2468,3.0,872.0,1136.0,1136,2.0,10.0,Sim
301000,7,2730,2.0,576.0,1502.0,1553,2.0,8.0,Sim
126175,3,1163,1.0,220.0,1162.0,1163,1.0,6.0,Sim
242000,7,2978,2.0,564.0,710.0,1898,2.0,11.0,Sim
87000,5,803,2.0,360.0,720.0,803,1.0,5.0,Não
324000,8,1719,2.0,473.0,1719.0,1719,1.0,6.0,Sim
145250,6,1383,1.0,292.0,1383.0,1383,1.0,7.0,Sim
214500,6,2134,2.0,441.0,844.0,1445,2.0,10.0,Não
78000,5,1192,1.0,189.0,596.0,596,1.0,6.0,Não
119000,5,1728,1.0,352.0,1728.0,1728,2.0,10.0,Sim
139000,5,1056,1.0,308.0,1056.0,1056,1.0,6.0,Sim
284000,8,1629,3.0,,3206.0,1629,2.0,7.0,Sim
207000,7,1358,2.0,484.0,1358.0,1358,2.0,6.0,Sim
192000,6,1638,2.0,472.0,943.0,943,2.0,7.0,Sim
228950,5,1786,2.0,529.0,1499.0,1619,2.0,7.0,Sim
377426,9,1922,3.0,676.0,1922.0,1922,2.0,8.0,Sim
214000,7,1536,2.0,532.0,1536.0,1536,2.0,7.0,Sim
202500,7,1621,2.0,440.0,1208.0,1621,2.0,8.0,Sim
155000,6,1215,1.0,297.0,1215.0,1215,1.0,6.0,Sim
202900,8,1908,2.0,431.0,967.0,993,2.0,9.0,Sim
82000,4,841,1.0,294.0,721.0,841,1.0,4.0,Sim
87500,3,1040,2.0,400.0,0.0,1040,2.0,6.0,Não
266000,9,1684,2.0,564.0,1684.0,1684,2.0,6.0,Sim
85000,5,1112,1.0,336.0,536.0,536,1.0,4.0,Sim
140200,6,1577,1.0,312.0,972.0,972,1.0,6.0,Sim
151500,6,958,1.0,301.0,958.0,958,1.0,5.0,Sim
157500,6,1478,2.0,498.0,1478.0,1478,2.0,6.0,Sim
154000,7,1626,2.0,474.0,764.0,764,2.0,6.0,Sim
437154,9,2728,3.0,706.0,1848.0,1848,2.0,10.0,Sim
318061,9,1869,2.0,617.0,1869.0,1869,2.0,6.0,Sim
190000,7,1453,2.0,445.0,1453.0,1453,1.0,6.0,Sim
95000,5,1111,1.0,200.0,616.0,616,1.0,5.0,Não
105900,6,720,2.0,484.0,624.0,720,1.0,5.0,Sim
140000,6,1595,1.0,240.0,940.0,1192,1.0,6.0,Sim
177500,6,1200,2.0,521.0,1200.0,1200,2.0,6.0,Sim
173000,6,1167,2.0,400.0,1158.0,1167,2.0,6.0,Sim
134000,5,1142,2.0,528.0,1142.0,1142,1.0,6.0,Sim
130000,5,1352,1.0,288.0,1062.0,1352,1.0,6.0,Sim
280000,8,1924,2.0,592.0,1086.0,1086,2.0,7.0,Sim
156000,6,912,2.0,470.0,888.0,912,1.0,5.0,Sim
145000,5,1505,1.0,240.0,883.0,988,1.0,8.0,Sim
198500,7,1922,2.0,672.0,0.0,495,3.0,7.0,Sim
118000,6,987,1.0,264.0,483.0,483,1.0,5.0,Sim
190000,6,1574,2.0,566.0,796.0,790,2.0,6.0,Sim
147000,5,1344,1.0,468.0,672.0,672,1.0,6.0,Sim
159000,6,1394,2.0,514.0,1394.0,1394,1.0,6.0,Sim
165000,6,1431,1.0,296.0,1099.0,1431,1.0,6.0,Sim
132000,5,1268,1.0,244.0,1268.0,1268,1.0,7.0,Sim
162000,5,1287,2.0,576.0,1063.0,1287,1.0,7.0,Sim
172400,6,1664,2.0,460.0,953.0,953,2.0,7.0,Sim
134432,4,1588,2.0,680.0,0.0,1120,2.0,7.0,Sim
125000,6,752,1.0,264.0,744.0,752,1.0,4.0,Sim
123000,5,1319,1.0,270.0,608.0,1319,1.0,5.0,Sim
219500,7,1928,2.0,434.0,847.0,847,2.0,8.0,Sim
61000,1,904,0.0,0.0,683.0,904,0.0,4.0,Não
148000,5,914,2.0,576.0,870.0,914,1.0,5.0,Sim
340000,8,2466,2.0,610.0,1580.0,1580,3.0,8.0,Sim
394432,9,1856,3.0,834.0,1856.0,1856,1.0,8.0,Sim
179000,6,1800,2.0,463.0,982.0,1007,2.0,7.0,Sim
127000,5,1691,1.0,308.0,1026.0,1026,2.0,6.0,Sim
187750,7,1301,2.0,572.0,1293.0,1301,2.0,5.0,Sim
213500,7,1797,2.0,639.0,939.0,939,2.0,8.0,Sim
76000,6,784,2.0,360.0,784.0,784,1.0,5.0,Não
240000,6,1953,2.0,501.0,1580.0,1079,2.0,9.0,Sim
192000,8,1269,2.0,430.0,1256.0,1269,2.0,6.0,Sim
81000,5,1184,0.0,0.0,658.0,658,1.0,8.0,Sim
125000,6,1125,1.0,352.0,,1125,1.0,6.0,Sim
191000,7,1479,2.0,577.0,1468.0,1479,2.0,6.0,Sim
426000,10,2332,3.0,846.0,1682.0,1742,2.0,9.0,Sim
119000,5,1367,1.0,384.0,861.0,961,1.0,7.0,Sim
215000,6,1961,2.0,560.0,804.0,804,2.0,7.0,Sim
106500,5,882,1.0,294.0,0.0,882,1.0,5.0,Sim
100000,4,788,0.0,0.0,788.0,788,1.0,4.0,Sim
109000,5,1034,1.0,240.0,735.0,735,1.0,5.0,Sim
129000,5,1144,1.0,596.0,1144.0,1144,1.0,6.0,Sim
123000,5,894,2.0,600.0,894.0,894,1.0,6.0,Sim
169500,5,1812,1.0,264.0,864.0,876,2.0,8.0,Sim
67000,5,1077,1.0,338.0,961.0,1077,1.0,6.0,Sim
241000,7,1550,2.0,438.0,1092.0,1112,2.0,7.0,Sim
245500,8,1288,2.0,500.0,1260.0,1288,1.0,4.0,Sim
164990,7,1310,2.0,400.0,1310.0,1310,2.0,6.0,Sim
108000,5,672,1.0,240.0,672.0,672,1.0,4.0,Sim
258000,8,2263,2.0,420.0,1141.0,1165,2.0,10.0,Sim
168000,6,1572,2.0,373.0,806.0,806,2.0,7.0,Sim
150000,4,1620,2.0,490.0,1281.0,1620,2.0,8.0,Sim
115000,6,1639,1.0,240.0,1064.0,1166,1.0,6.0,Sim
177000,6,1680,1.0,308.0,840.0,840,2.0,8.0,Sim
280000,7,2172,3.0,947.0,1063.0,1071,2.0,9.0,Sim
339750,8,2078,3.0,836.0,1034.0,1050,2.0,8.0,Sim
60000,5,1276,1.0,350.0,1276.0,1276,1.0,5.0,Sim
145000,5,1056,2.0,572.0,1056.0,1056,1.0,5.0,Não
222000,7,1478,2.0,,1470.0,1478,2.0,7.0,Sim
115000,5,1028,,360.0,1008.0,1028,1.0,5.0,Sim
228000,7,2097,3.0,678.0,1080.0,1080,2.0,9.0,Sim
181134,7,1340,2.0,396.0,1340.0,1340,2.0,6.0,Sim
149500,6,1400,2.0,440.0,672.0,672,1.0,6.0,Sim
239000,6,2624,3.0,864.0,1370.0,1370,2.0,10.0,Não
126000,5,1134,1.0,240.0,756.0,756,1.0,7.0,Não
142000,5,1056,1.0,304.0,1056.0,1056,1.0,6.0,Sim
206300,7,1344,4.0,784.0,1344.0,1344,2.0,8.0,Sim
215000,6,1602,2.0,529.0,1602.0,1602,2.0,8.0,Sim
113000,5,988,2.0,520.0,988.0,988,1.0,4.0,Sim
315000,8,2630,3.0,696.0,1470.0,1470,2.0,8.0,Sim
139000,6,1196,1.0,297.0,1196.0,1196,1.0,6.0,Sim
135000,7,1389,1.0,240.0,651.0,707,1.0,6.0,Sim
275000,7,1644,2.0,569.0,1518.0,1644,2.0,5.0,Sim
109008,4,907,1.0,352.0,907.0,907,1.0,5.0,Sim
195400,7,1208,2.0,628.0,1208.0,1208,2.0,6.0,Sim
175000,6,1412,2.0,576.0,1392.0,1412,2.0,6.0,Sim
85400,6,987,1.0,264.0,483.0,483,1.0,4.0,Sim
79900,6,1198,0.0,0.0,901.0,1088,1.0,7.0,Sim
122500,5,1365,2.0,440.0,765.0,765,1.0,6.0,Sim
181000,6,1604,2.0,470.0,926.0,926,2.0,7.0,Sim
81000,4,630,0.0,0.0,630.0,630,1.0,3.0,Sim
212000,7,1661,2.0,550.0,799.0,827,2.0,6.0,Sim
116000,6,1118,2.0,440.0,648.0,734,1.0,6.0,Sim
119000,6,904,1.0,180.0,884.0,904,1.0,4.0,Sim
90350,5,694,1.0,352.0,440.0,694,1.0,4.0,Não
110000,6,1196,2.0,528.0,684.0,684,1.0,7.0,Sim
555000,10,2402,3.0,672.0,3094.0,2402,2.0,10.0,Sim
118000,4,1440,0.0,0.0,1440.0,1440,2.0,8.0,Não
162900,5,1573,2.0,360.0,1078.0,1128,2.0,8.0,Sim
172500,7,1258,3.0,648.0,1258.0,1258,2.0,6.0,Sim
210000,7,1908,2.0,493.0,915.0,933,2.0,8.0,Sim
127500,6,1689,2.0,480.0,1436.0,1689,1.0,7.0,Sim
190000,6,1888,2.0,578.0,1517.0,1888,2.0,6.0,Sim
199900,7,1886,2.0,431.0,930.0,956,2.0,10.0,Sim
119500,6,1376,1.0,198.0,780.0,780,2.0,7.0,Sim
120000,3,1183,1.0,308.0,649.0,679,1.0,6.0,Sim
110000,6,813,1.0,270.0,813.0,813,1.0,5.0,Sim
280000,7,1533,2.0,576.0,1533.0,1533,2.0,5.0,Sim
204000,6,1756,2.0,422.0,872.0,888,2.0,7.0,Sim
210000,8,1590,,676.0,768.0,786,2.0,6.0,Sim
188000,5,1728,2.0,560.0,1728.0,1728,2.0,8.0,Sim
175500,7,1242,2.0,528.0,1242.0,1242,1.0,6.0,Sim
98000,5,1344,3.0,513.0,624.0,624,1.0,7.0,Não
256000,4,1663,2.0,529.0,1364.0,1663,1.0,6.0,Sim
161000,8,1666,1.0,228.0,588.0,833,1.0,7.0,Sim
110000,5,1203,1.0,352.0,709.0,979,1.0,5.0,Sim
263435,8,1935,2.0,552.0,832.0,832,2.0,8.0,Sim
155000,7,1135,2.0,576.0,560.0,575,1.0,6.0,Sim
62383,5,864,1.0,360.0,864.0,864,1.0,5.0,Sim
188700,6,1660,1.0,240.0,715.0,849,1.0,6.0,Sim
124000,5,1040,0.0,0.0,1040.0,1040,2.0,5.0,Sim
178740,7,1414,2.0,398.0,1375.0,1414,2.0,6.0,Sim
167000,7,1277,2.0,526.0,1277.0,1277,1.0,5.0,Sim
146500,5,1644,1.0,312.0,728.0,888,1.0,7.0,Sim
250000,8,1634,3.0,866.0,1626.0,1634,2.0,7.0,Sim
187000,6,1710,2.0,506.0,,832,2.0,7.0,Sim
212000,8,1502,2.0,528.0,1488.0,1502,1.0,4.0,Sim
190000,7,1969,2.0,534.0,808.0,1161,2.0,8.0,Sim
148000,6,1072,2.0,525.0,547.0,1072,1.0,5.0,Sim
440000,8,1976,3.0,908.0,1976.0,1976,2.0,7.0,Sim
251000,8,1652,2.0,499.0,1494.0,1652,2.0,6.0,Sim
132500,5,970,2.0,624.0,970.0,970,1.0,5.0,Sim
208900,6,1493,2.0,508.0,1478.0,1493,2.0,7.0,Sim
380000,9,2643,3.0,694.0,2153.0,2069,2.0,9.0,Sim
297000,8,1718,3.0,826.0,,1718,2.0,7.0,Sim
89471,4,1131,2.0,672.0,907.0,1131,1.0,7.0,Sim
326000,9,1850,3.0,772.0,1833.0,1850,2.0,8.0,Sim
374000,9,1792,3.0,874.0,1792.0,1792,2.0,6.0,Sim
155000,7,1826,1.0,164.0,910.0,916,1.0,7.0,Sim
164000,6,1216,2.0,402.0,1216.0,1216,2.0,5.0,Sim
132500,5,999,1.0,264.0,999.0,999,1.0,6.0,Sim
147000,5,1113,1.0,264.0,1113.0,1113,1.0,5.0,Sim
156000,5,1073,2.0,515.0,1073.0,1073,1.0,6.0,Sim
175000,5,1484,2.0,487.0,1484.0,1484,2.0,7.0,Sim
160000,5,2414,2.0,520.0,954.0,1766,2.0,10.0,Não
86000,4,630,1.0,286.0,630.0,630,1.0,3.0,Sim
115000,5,1304,1.0,336.0,264.0,616,1.0,4.0,Sim
133000,6,1578,1.0,240.0,806.0,958,1.0,5.0,Sim
172785,6,1456,2.0,429.0,728.0,728,2.0,8.0,Sim
155000,5,1269,1.0,308.0,1269.0,1269,1.0,6.0,Sim
91300,5,886,1.0,273.0,190.0,886,1.0,4.0,Sim
34900,4,720,0.0,0.0,720.0,720,1.0,4.0,Não
430000,8,3228,2.0,546.0,3200.0,3228,3.0,10.0,Sim
184000,7,1820,1.0,240.0,1026.0,1133,2.0,8.0,Sim
130000,5,899,1.0,288.0,864.0,899,1.0,5.0,Sim
120000,5,912,1.0,297.0,912.0,912,1.0,5.0,Sim
113000,6,1218,1.0,264.0,672.0,672,1.0,7.0,Sim
226700,7,1768,2.0,603.0,866.0,866,,7.0,Sim
140000,5,1214,2.0,461.0,,1214,1.0,6.0,Sim
289000,7,1801,2.0,484.0,1501.0,1801,2.0,6.0,Sim
147000,6,1322,2.0,440.0,855.0,855,2.0,6.0,Sim
124500,5,1960,2.0,400.0,960.0,960,2.0,10.0,Sim
215000,8,1911,2.0,471.0,777.0,1065,2.0,8.0,Sim
208300,6,1218,2.0,676.0,1218.0,1218,2.0,4.0,Sim
161000,7,1378,2.0,360.0,689.0,689,2.0,7.0,Sim
124500,5,1041,1.0,270.0,1041.0,1041,1.0,6.0,Sim
164900,5,1363,1.0,288.0,1008.0,1363,1.0,6.0,Sim
202665,7,1368,2.0,474.0,1368.0,1368,2.0,6.0,Sim
129900,5,864,2.0,624.0,864.0,864,1.0,5.0,Sim
134000,6,1080,2.0,484.0,1084.0,1080,1.0,5.0,Sim
96500,5,789,1.0,200.0,768.0,789,1.0,5.0,Não
402861,10,2020,3.0,900.0,2006.0,2020,2.0,9.0,Sim
158000,6,2119,2.0,583.0,689.0,1378,2.0,7.0,Sim
265000,7,2344,3.0,889.0,1264.0,1277,2.0,7.0,Sim
211000,6,1796,2.0,546.0,794.0,882,2.0,7.0,Sim
234000,7,2080,1.0,282.0,1276.0,1276,1.0,9.0,Sim
106250,4,1294,0.0,0.0,0.0,694,2.0,7.0,Não
150000,6,1244,1.0,336.0,1244.0,1244,1.0,6.0,Sim
159000,6,1664,,420.0,1004.0,1004,2.0,7.0,Sim
184750,10,4676,3.0,884.0,3138.0,3138,3.0,11.0,Sim
315750,7,2398,3.0,834.0,1379.0,1383,2.0,8.0,Sim
176000,7,1266,2.0,453.0,1257.0,1266,2.0,6.0,Sim
132000,5,928,1.0,252.0,928.0,928,1.0,4.0,Sim
446261,9,2713,3.0,858.0,1452.0,1476,2.0,11.0,Sim
86000,4,605,0.0,0.0,528.0,605,1.0,5.0,Sim
200624,6,2515,2.0,484.0,2035.0,2515,3.0,9.0,Sim
175000,6,1509,2.0,600.0,1461.0,1509,2.0,5.0,Sim
128000,6,1362,2.0,502.0,611.0,751,2.0,6.0,Sim
107500,5,827,1.0,392.0,0.0,827,1.0,5.0,Sim
39300,1,334,0.0,0.0,0.0,334,1.0,2.0,Não
178000,8,1414,2.0,403.0,707.0,707,2.0,6.0,Sim
107500,5,1347,0.0,0.0,1117.0,820,1.0,5.0,Sim
188000,7,1724,2.0,527.0,880.0,880,2.0,8.0,Sim
111250,4,864,2.0,576.0,864.0,864,1.0,5.0,Sim
158000,5,1159,1.0,336.0,1051.0,1159,1.0,7.0,Sim
272000,8,1601,2.0,670.0,1581.0,1601,2.0,6.0,Sim
315000,9,1838,3.0,765.0,1838.0,1838,2.0,8.0,Sim
248000,8,2285,3.0,648.0,969.0,997,2.0,8.0,Sim
213250,7,1680,2.0,583.0,,1680,2.0,7.0,Sim
133000,7,767,1.0,367.0,723.0,767,1.0,4.0,Sim
179665,7,1496,2.0,426.0,654.0,664,2.0,7.0,Sim
229000,7,2183,3.0,786.0,1204.0,1377,2.0,9.0,Sim
210000,6,1635,2.0,440.0,1065.0,915,1.0,6.0,Sim
129500,5,768,2.0,624.0,768.0,768,1.0,5.0,Sim
125000,5,825,2.0,720.0,825.0,825,1.0,4.0,Sim
263000,7,2094,2.0,615.0,912.0,912,2.0,8.0,Sim
140000,6,1069,2.0,440.0,1069.0,1069,2.0,4.0,Sim
112500,5,928,1.0,288.0,928.0,928,1.0,5.0,Sim
255500,8,1717,3.0,908.0,1709.0,1717,2.0,7.0,Sim
108000,4,1126,2.0,520.0,0.0,1126,2.0,5.0,Sim
284000,7,2046,3.0,871.0,998.0,1006,2.0,8.0,Sim
113000,5,1048,1.0,280.0,993.0,1048,1.0,5.0,Sim
141000,5,1092,1.0,299.0,1092.0,1092,1.0,6.0,Sim
108000,4,1336,1.0,570.0,637.0,897,1.0,7.0,Sim
175000,7,1446,2.0,406.0,729.0,729,2.0,6.0,Sim
234000,7,1557,2.0,420.0,1374.0,1557,2.0,7.0,Sim
121500,5,1392,2.0,528.0,1392.0,1392,1.0,5.0,Sim
170000,5,1389,2.0,418.0,1389.0,1389,1.0,6.0,Sim
108000,5,996,0.0,0.0,996.0,996,1.0,6.0,Sim
185000,6,1674,2.0,396.0,1163.0,1163,2.0,8.0,Sim
268000,7,2295,2.0,590.0,1095.0,1166,2.0,9.0,Sim
128000,6,1647,1.0,216.0,806.0,841,1.0,6.0,Não
325000,9,2504,3.0,656.0,1122.0,1134,2.0,11.0,Sim
214000,7,1535,,532.0,1517.0,1535,2.0,7.0,Sim
316600,8,2132,2.0,612.0,1496.0,1496,1.0,5.0,Sim
135960,5,943,2.0,600.0,943.0,943,1.0,4.0,Sim
142600,5,1728,2.0,576.0,1728.0,1728,2.0,10.0,Sim
120000,6,864,1.0,288.0,864.0,864,1.0,4.0,Sim
224500,7,1692,2.0,650.0,846.0,846,2.0,6.0,Sim
170000,7,1430,2.0,400.0,384.0,774,2.0,8.0,Sim
139000,5,1109,1.0,288.0,372.0,576,1.0,5.0,Sim
118500,5,1216,1.0,336.0,832.0,832,1.0,6.0,Sim
145000,7,1477,,216.0,861.0,877,2.0,6.0,Sim
164500,5,1320,2.0,564.0,1164.0,1320,1.0,6.0,Sim
146000,7,1392,2.0,540.0,689.0,703,2.0,5.0,Sim
131500,5,1795,1.0,352.0,1050.0,1050,2.0,7.0,Não
181900,6,1429,2.0,572.0,,1429,1.0,7.0,Sim
253293,8,2042,3.0,1390.0,2042.0,2042,2.0,8.0,Sim
118500,6,816,0.0,0.0,816.0,816,1.0,5.0,Sim
325000,10,2775,2.0,880.0,1237.0,1521,3.0,9.0,Sim
133000,4,1573,1.0,240.0,884.0,989,1.0,6.0,Sim
369900,8,2028,3.0,880.0,1868.0,2028,2.0,7.0,Sim
130000,6,838,1.0,275.0,816.0,838,1.0,5.0,Sim
137000,5,860,2.0,528.0,840.0,860,1.0,4.0,Sim
143000,5,1473,1.0,452.0,,1473,1.0,5.0,Sim
79500,5,935,1.0,308.0,742.0,779,1.0,4.0,Sim
185900,7,1582,2.0,520.0,770.0,770,2.0,6.0,Sim
451950,10,2296,3.0,842.0,,1728,2.0,10.0,Sim
138000,5,816,2.0,816.0,816.0,816,1.0,4.0,Sim
140000,6,848,2.0,420.0,848.0,848,1.0,4.0,Sim
110000,5,924,1.0,280.0,924.0,924,1.0,5.0,Sim
319000,8,1826,3.0,758.0,1814.0,1826,2.0,7.0,Sim
114504,6,1368,1.0,216.0,684.0,684,1.0,7.0,Não
194201,7,1402,3.0,648.0,1258.0,1402,0.0,7.0,Sim
217500,5,1647,2.0,621.0,1430.0,1647,2.0,7.0,Sim
151000,6,1556,2.0,452.0,716.0,716,2.0,6.0,Sim
275000,8,1904,2.0,736.0,1058.0,1058,2.0,8.0,Sim
141000,6,1375,1.0,544.0,780.0,780,1.0,6.0,Sim
220000,8,1915,2.0,506.0,908.0,927,2.0,8.0,Sim
151000,7,1200,2.0,480.0,600.0,600,2.0,4.0,Sim
221000,7,1494,2.0,530.0,1494.0,1494,2.0,6.0,Sim
205000,7,1986,2.0,486.0,768.0,1186,2.0,7.0,Sim
152000,5,1040,2.0,576.0,1040.0,1040,1.0,6.0,Sim
225000,5,2008,1.0,230.0,896.0,1112,3.0,8.0,Sim
359100,8,3194,2.0,380.0,965.0,1940,2.0,10.0,Sim
118500,4,1029,1.0,261.0,1029.0,1029,,5.0,Sim
313000,9,2153,3.0,736.0,1440.0,1476,2.0,8.0,Sim
148000,6,1032,2.0,564.0,1032.0,1032,2.0,6.0,Sim
261500,8,1872,2.0,531.0,1299.0,1299,2.0,7.0,Sim
147000,5,1120,0.0,0.0,1120.0,1120,1.0,6.0,Sim
75500,4,630,,0.0,630.0,630,1.0,3.0,Sim
137500,6,1054,2.0,,936.0,1054,1.0,6.0,Sim
183200,6,1509,2.0,393.0,783.0,807,2.0,7.0,Sim
105500,6,832,2.0,528.0,832.0,832,1.0,4.0,Sim
314813,9,1828,3.0,774.0,1822.0,1828,2.0,9.0,Sim
305000,8,2262,3.0,749.0,1482.0,1482,,10.0,Sim
67000,3,864,0.0,0.0,864.0,864,1.0,5.0,Não
240000,6,2614,2.0,624.0,1522.0,1548,2.0,9.0,Sim
135000,5,980,2.0,484.0,980.0,980,1.0,6.0,Sim
168500,6,1512,2.0,440.0,756.0,756,2.0,4.0,Sim
165150,6,1790,2.0,484.0,732.0,1012,1.0,8.0,Sim
160000,6,1116,2.0,440.0,1116.0,1116,1.0,5.0,Sim
139900,5,1422,1.0,286.0,978.0,1422,1.0,6.0,Sim
153000,6,1520,1.0,364.0,1156.0,1520,1.0,7.0,Sim
135000,5,2080,2.0,504.0,1040.0,1040,1.0,9.0,Sim
168500,6,1350,2.0,520.0,1248.0,1350,1.0,6.0,Sim
124000,5,1750,1.0,240.0,636.0,1089,1.0,8.0,Sim
209500,8,1554,2.0,627.0,1554.0,1554,2.0,6.0,Sim
82500,7,1411,2.0,544.0,1386.0,1411,2.0,6.0,Sim
139400,5,1056,1.0,260.0,,1056,,6.0,Sim
144000,6,1056,2.0,576.0,1056.0,1056,0.0,4.0,Sim
200000,6,3395,0.0,0.0,1440.0,1440,2.0,14.0,Sim
60000,2,800,0.0,0.0,264.0,800,1.0,4.0,Não
93000,5,1387,1.0,256.0,811.0,811,2.0,7.0,Sim
85000,5,796,0.0,0.0,796.0,796,1.0,4.0,Sim
264561,8,1567,3.0,648.0,1520.0,1567,2.0,7.0,Sim
274000,8,1518,2.0,588.0,1518.0,1518,1.0,6.0,Sim
226000,7,1929,2.0,650.0,1057.0,1057,2.0,7.0,Sim
345000,8,2704,2.0,538.0,,2000,2.0,9.0,Sim
152000,5,1620,2.0,462.0,780.0,780,2.0,7.0,Sim
370878,9,1766,3.0,478.0,1766.0,1766,2.0,7.0,Sim
143250,6,981,2.0,576.0,981.0,981,1.0,5.0,Sim
98300,5,1048,2.0,420.0,0.0,1048,1.0,7.0,Sim
155000,6,1094,2.0,495.0,1094.0,1094,1.0,,Sim
155000,6,1839,2.0,442.0,756.0,1051,1.0,7.0,Sim
84500,4,630,,0.0,630.0,630,1.0,3.0,Sim
205950,7,1665,2.0,562.0,813.0,822,2.0,7.0,Sim
108000,4,1510,1.0,296.0,755.0,755,1.0,7.0,Sim
191000,7,1716,2.0,512.0,880.0,909,2.0,7.0,Sim
135000,6,1469,1.0,216.0,,756,1.0,7.0,Sim
350000,8,2113,3.0,839.0,2109.0,2113,2.0,7.0,Sim
88000,6,1092,1.0,264.0,525.0,525,1.0,,Sim
145500,5,1053,1.0,312.0,1053.0,1053,1.0,5.0,Sim
149000,7,1502,1.0,270.0,776.0,851,1.0,6.0,Sim
97500,6,1458,1.0,330.0,912.0,912,1.0,6.0,Sim
167000,5,1486,2.0,480.0,1486.0,1486,1.0,7.0,Sim
197900,7,1935,2.0,550.0,793.0,1142,2.0,7.0,Sim
402000,8,2448,3.0,711.0,1629.0,1686,2.0,8.0,Sim
110000,6,1392,2.0,576.0,1392.0,1392,1.0,5.0,Sim
137500,4,1181,2.0,588.0,1138.0,1181,2.0,6.0,Sim
423000,8,2097,3.0,1134.0,2077.0,2097,1.0,8.0,Sim
230500,8,1936,2.0,504.0,1406.0,1454,2.0,7.0,Sim
129000,6,2380,2.0,596.0,1021.0,1465,2.0,7.0,Sim
193500,6,1679,2.0,575.0,1408.0,1679,2.0,7.0,Sim
168000,5,1437,2.0,576.0,1188.0,1437,1.0,6.0,Sim
137500,4,1180,1.0,252.0,700.0,1180,1.0,5.0,Sim
173500,6,1476,,540.0,738.0,738,2.0,7.0,Sim
103600,6,1369,1.0,300.0,672.0,697,2.0,6.0,Não
165000,6,1208,2.0,546.0,1208.0,1208,1.0,6.0,Sim
257500,6,1839,2.0,416.0,1477.0,1839,2.0,7.0,Sim
140000,6,1136,1.0,384.0,1136.0,1136,1.0,5.0,Sim
148500,6,1441,2.0,440.0,855.0,855,2.0,7.0,Sim
87000,4,1774,3.0,779.0,1095.0,1095,2.0,8.0,Não
109500,5,792,1.0,240.0,,792,1.0,5.0,Sim
372500,8,2046,3.0,834.0,2046.0,2046,2.0,7.0,Sim
128500,5,988,2.0,572.0,988.0,988,1.0,5.0,Sim
143000,6,923,1.0,264.0,923.0,923,2.0,5.0,Sim
159434,5,1520,1.0,281.0,793.0,848,1.0,6.0,Sim
173000,6,1291,2.0,431.0,1291.0,1291,1.0,6.0,Sim
285000,9,1668,3.0,702.0,1626.0,1668,,7.0,Sim
221000,7,1839,2.0,486.0,1195.0,1195,2.0,7.0,Sim
207500,7,2090,2.0,577.0,1190.0,1190,2.0,6.0,Sim
227875,7,1761,2.0,578.0,874.0,874,3.0,7.0,Sim
148800,7,1102,2.0,480.0,551.0,551,2.0,4.0,Sim
392000,8,1419,2.0,567.0,1419.0,1419,2.0,7.0,Sim
194700,6,1362,2.0,460.0,1362.0,1362,2.0,6.0,Sim
141000,6,848,2.0,420.0,848.0,848,1.0,3.0,Sim
755000,10,4316,3.0,832.0,2444.0,2444,3.0,10.0,Sim
335000,7,2519,2.0,628.0,1210.0,1238,2.0,9.0,Sim
108480,5,1073,1.0,326.0,1073.0,1073,1.0,4.0,Sim
141500,5,1539,2.0,576.0,927.0,1067,1.0,5.0,Sim
176000,6,1137,2.0,551.0,1112.0,1137,2.0,5.0,Sim
89000,5,616,1.0,205.0,616.0,616,,4.0,Sim
123500,5,1148,1.0,308.0,980.0,1148,1.0,6.0,Sim
138500,5,894,1.0,336.0,894.0,894,1.0,5.0,Sim
196000,7,1391,2.0,530.0,1391.0,1391,2.0,5.0,Sim
312500,8,1800,3.0,765.0,1800.0,1800,2.0,7.0,Sim
140000,7,1164,2.0,528.0,1164.0,1164,1.0,6.0,Sim
361919,8,2576,3.0,666.0,1234.0,1264,2.0,10.0,Sim
140000,5,1812,2.0,672.0,360.0,1032,2.0,8.0,Sim
213000,7,1484,2.0,606.0,1473.0,1484,2.0,7.0,Sim
55000,4,1092,0.0,0.0,0.0,372,2.0,7.0,Não
302000,7,1824,2.0,739.0,1643.0,1824,2.0,5.0,Sim
254000,8,1324,2.0,550.0,1324.0,1324,2.0,6.0,Sim
179540,7,1456,2.0,400.0,728.0,728,2.0,8.0,Sim
109900,5,904,1.0,408.0,876.0,904,1.0,6.0,Sim
52000,3,729,0.0,0.0,270.0,729,1.0,5.0,Sim
102776,4,1178,1.0,384.0,859.0,859,1.0,7.0,Sim
189000,8,1228,2.0,472.0,1228.0,1228,2.0,5.0,Sim
129000,4,960,2.0,576.0,960.0,960,1.0,6.0,Não
130500,6,1479,2.0,475.0,725.0,725,,6.0,Sim
165000,6,1350,2.0,478.0,1064.0,1350,2.0,7.0,Sim
159500,7,2554,2.0,704.0,718.0,1576,1.0,8.0,Sim
157000,5,1178,2.0,439.0,1176.0,1178,1.0,5.0,Sim
341000,7,2418,3.0,983.0,1311.0,1325,2.0,9.0,Sim
128500,5,971,1.0,300.0,971.0,971,1.0,5.0,Sim
275000,8,1742,2.0,564.0,1742.0,1742,2.0,5.0,Sim
143000,6,848,2.0,,848.0,848,1.0,3.0,Sim
124500,4,864,2.0,463.0,864.0,864,,5.0,Sim
135000,4,1470,1.0,548.0,941.0,997,2.0,7.0,Sim
320000,9,1698,3.0,768.0,1698.0,1698,2.0,8.0,Sim
120500,4,864,2.0,660.0,864.0,864,1.0,5.0,Sim
222000,6,1680,2.0,540.0,880.0,1680,2.0,5.0,Sim
194500,7,1232,2.0,632.0,1232.0,1232,2.0,6.0,Sim
110000,5,1776,3.0,888.0,1584.0,1776,,9.0,Sim
103000,4,1208,2.0,539.0,780.0,848,1.0,5.0,Sim
236500,8,1616,2.0,608.0,1595.0,1616,2.0,5.0,Sim
187500,7,1146,2.0,438.0,868.0,1146,2.0,6.0,Sim
222500,7,2031,2.0,541.0,1153.0,1153,2.0,8.0,Sim
131400,5,1144,1.0,264.0,864.0,1144,1.0,6.0,Sim
108000,5,948,1.0,300.0,948.0,948,1.0,6.0,Sim
163000,7,1768,2.0,320.0,880.0,880,1.0,6.0,Não
93500,3,1040,2.0,400.0,0.0,1040,2.0,6.0,Não
239900,8,1801,3.0,800.0,893.0,901,2.0,8.0,Sim
179000,5,1200,0.0,0.0,1200.0,1200,3.0,5.0,Sim
190000,7,1728,2.0,572.0,864.0,864,2.0,7.0,Sim
132000,5,1432,2.0,360.0,264.0,768,2.0,7.0,Sim
142000,6,912,1.0,288.0,,912,1.0,5.0,Sim
179000,7,1349,2.0,539.0,1349.0,1349,2.0,6.0,Sim
175000,5,1464,2.0,480.0,520.0,1464,2.0,6.0,Sim
180000,8,1337,2.0,462.0,1337.0,1337,2.0,5.0,Sim
299800,8,2715,2.0,831.0,1142.0,1175,3.0,11.0,Sim
236000,7,2256,2.0,554.0,952.0,980,2.0,8.0,Sim
265979,7,2640,4.0,864.0,1240.0,1320,1.0,8.0,Não
260400,7,1720,2.0,527.0,1720.0,1720,2.0,7.0,Sim
98000,4,1529,1.0,240.0,0.0,1088,2.0,9.0,Não
96500,4,1140,0.0,0.0,576.0,792,1.0,7.0,Sim
162000,7,1320,2.0,400.0,660.0,660,2.0,6.0,Sim
217000,6,1494,2.0,576.0,1479.0,1494,2.0,6.0,Sim
275500,8,2098,3.0,878.0,1030.0,1038,2.0,8.0,Sim
156000,6,1026,2.0,440.0,1026.0,1026,1.0,5.0,Sim
172500,6,1471,2.0,440.0,729.0,742,2.0,6.0,Sim
212000,8,1768,2.0,578.0,866.0,866,2.0,7.0,Sim
158900,6,1386,2.0,440.0,672.0,672,2.0,6.0,Sim
179400,7,1501,2.0,440.0,744.0,757,2.0,6.0,Sim
290000,8,2531,3.0,752.0,1318.0,1328,2.0,9.0,Sim
127500,6,864,1.0,300.0,864.0,864,1.0,5.0,Sim
100000,5,1301,2.0,440.0,1145.0,1301,1.0,5.0,Sim
215200,7,1547,2.0,614.0,756.0,764,2.0,7.0,Sim
337000,8,2365,3.0,,1252.0,1268,2.0,8.0,Sim
270000,8,1494,2.0,,1494.0,1494,1.0,6.0,Sim
264132,9,1506,2.0,592.0,1498.0,1506,2.0,6.0,Sim
196500,7,1714,2.0,496.0,980.0,980,2.0,7.0,Sim
160000,6,1750,1.0,423.0,983.0,983,2.0,7.0,Sim
216837,7,1836,2.0,484.0,1860.0,1836,2.0,8.0,Sim
538000,8,3279,3.0,841.0,1650.0,1690,3.0,12.0,Sim
134900,5,858,2.0,576.0,858.0,858,1.0,5.0,Sim
102000,4,1220,2.0,396.0,836.0,1220,1.0,6.0,Sim
107000,6,1117,2.0,672.0,1029.0,1117,1.0,,Sim
114500,5,912,1.0,275.0,912.0,912,,5.0,Sim
395000,8,1973,3.0,895.0,1935.0,1973,2.0,9.0,Sim
162000,6,1204,2.0,412.0,1204.0,1204,2.0,5.0,Sim
221500,7,1614,3.0,865.0,1614.0,1614,2.0,7.0,Sim
142500,5,894,2.0,440.0,864.0,894,1.0,5.0,Sim
144000,5,2020,2.0,630.0,0.0,2020,2.0,10.0,Sim
135000,6,1004,2.0,504.0,975.0,1004,1.0,4.0,Sim
176000,7,1253,2.0,402.0,1237.0,1253,2.0,6.0,Sim
175900,6,1603,2.0,484.0,761.0,810,2.0,7.0,Sim
187100,7,1430,2.0,605.0,1413.0,1430,2.0,6.0,Sim
165500,5,1110,2.0,602.0,1097.0,1110,1.0,4.0,Sim
128000,6,1484,0.0,0.0,742.0,742,2.0,9.0,Sim
161500,6,1342,2.0,457.0,1372.0,1342,2.0,7.0,Sim
139000,5,1652,1.0,416.0,686.0,966,,7.0,Sim
233000,7,2084,2.0,618.0,956.0,956,2.0,8.0,Sim
107900,4,901,1.0,281.0,901.0,901,,4.0,Sim
187500,6,2087,2.0,444.0,832.0,976,2.0,9.0,Sim
160200,7,1145,2.0,397.0,1145.0,1145,2.0,5.0,Sim
146800,6,1062,2.0,539.0,1029.0,1062,1.0,5.0,Sim
269790,7,2013,2.0,455.0,1117.0,1127,,8.0,Sim
225000,8,1496,2.0,474.0,1496.0,1496,2.0,7.0,Sim
194500,7,1895,2.0,409.0,712.0,1086,2.0,7.0,Sim
171000,6,1564,2.0,476.0,650.0,888,2.0,7.0,Sim
143500,6,1285,2.0,528.0,660.0,1285,1.0,7.0,Sim
110000,5,773,1.0,240.0,773.0,773,1.0,4.0,Sim
485000,9,3140,3.0,820.0,1926.0,1966,3.0,11.0,Sim
175000,5,1768,1.0,240.0,731.0,981,1.0,7.0,Sim
200000,6,1688,2.0,603.0,616.0,616,2.0,8.0,Sim
109900,4,1196,2.0,440.0,1196.0,1196,1.0,5.0,Sim
189000,7,1456,2.0,410.0,728.0,728,2.0,7.0,Sim
582933,9,2822,3.0,1020.0,1734.0,1734,3.0,12.0,Sim
118000,5,1128,1.0,286.0,936.0,1128,1.0,5.0,Sim
227680,7,1428,2.0,554.0,1417.0,1428,2.0,6.0,Sim
135500,5,980,1.0,384.0,980.0,980,2.0,6.0,Sim
223500,5,1576,2.0,,1324.0,1072,1.0,6.0,Sim
159950,5,1086,2.0,484.0,1024.0,1086,1.0,6.0,Sim
106000,5,2138,2.0,360.0,849.0,1075,2.0,11.0,Não
181000,6,1309,2.0,484.0,1040.0,1309,1.0,5.0,Sim
144500,6,848,2.0,420.0,848.0,848,1.0,4.0,Sim
55993,5,1044,2.0,,540.0,1044,1.0,4.0,Não
157900,6,1442,1.0,301.0,1442.0,1442,1.0,7.0,Sim
116000,5,1250,1.0,280.0,686.0,686,1.0,7.0,Sim
224900,7,1661,2.0,598.0,1649.0,1661,2.0,6.0,Sim
137000,5,1008,1.0,275.0,1008.0,1008,1.0,4.0,Sim
271000,8,1689,3.0,857.0,1568.0,1689,2.0,7.0,Sim
155000,6,1052,2.0,440.0,1010.0,1052,1.0,6.0,Sim
224000,7,1358,2.0,484.0,1358.0,1358,2.0,6.0,Sim
183000,7,1640,2.0,595.0,798.0,798,2.0,6.0,Sim
93000,4,936,2.0,576.0,,936,1.0,4.0,Não
225000,7,1733,2.0,433.0,847.0,847,2.0,7.0,Sim
139500,6,1489,1.0,240.0,778.0,944,2.0,7.0,Sim
232600,8,1489,2.0,776.0,1489.0,1489,2.0,7.0,Sim
385000,10,2084,3.0,1220.0,2078.0,2084,2.0,7.0,Sim
109500,5,784,0.0,0.0,784.0,784,1.0,5.0,Sim
189000,7,1434,2.0,527.0,1454.0,1434,2.0,6.0,Sim
185000,5,2126,2.0,538.0,1013.0,1160,,7.0,Sim
147400,7,1223,2.0,480.0,600.0,520,2.0,4.0,Sim
166000,6,1392,2.0,458.0,1392.0,1392,1.0,6.0,Sim
151000,7,1200,2.0,480.0,600.0,520,2.0,4.0,Sim
237000,7,1829,2.0,613.0,941.0,941,2.0,7.0,Sim
167000,6,1516,2.0,472.0,1516.0,1516,1.0,6.0,Sim
139950,5,1144,2.0,456.0,1144.0,1144,1.0,6.0,Sim
128000,4,1067,2.0,436.0,1067.0,1067,2.0,4.0,Sim
153500,5,1559,2.0,812.0,1559.0,1559,1.0,5.0,Sim
100000,6,987,1.0,264.0,483.0,483,1.0,5.0,Sim
144000,5,1099,1.0,352.0,1099.0,1099,1.0,6.0,Sim
130500,5,1200,1.0,240.0,768.0,768,1.0,6.0,Sim
140000,6,1482,1.0,400.0,672.0,810,2.0,7.0,Não
157500,5,1539,2.0,686.0,650.0,958,2.0,8.0,Sim
174900,6,1165,2.0,490.0,1127.0,1165,1.0,6.0,Sim
141000,5,1800,0.0,0.0,1800.0,1800,2.0,10.0,Não
153900,5,1416,3.0,720.0,876.0,876,1.0,7.0,Sim
171000,5,1701,2.0,611.0,1390.0,1701,2.0,6.0,Sim
213000,7,1775,2.0,425.0,740.0,1006,2.0,7.0,Sim
133500,5,864,1.0,338.0,864.0,864,,5.0,Sim
240000,6,2358,2.0,360.0,907.0,1307,3.0,10.0,Sim
187000,6,1855,2.0,512.0,528.0,1094,2.0,7.0,Sim
131500,6,848,2.0,420.0,848.0,848,1.0,3.0,Sim
215000,8,1456,2.0,400.0,1273.0,1456,2.0,7.0,Sim
164000,7,1646,1.0,240.0,918.0,918,2.0,7.0,Sim
158000,6,1445,2.0,645.0,1127.0,1445,1.0,7.0,Sim
170000,5,1779,2.0,454.0,1763.0,1779,1.0,6.0,Sim
127000,5,1040,1.0,260.0,1040.0,1040,1.0,6.0,Sim
147000,6,1026,2.0,576.0,940.0,1026,1.0,5.0,Sim
174000,6,1481,2.0,343.0,702.0,702,2.0,6.0,Sim
152000,7,1370,2.0,479.0,1090.0,1370,2.0,6.0,Sim
250000,6,2654,2.0,619.0,1054.0,1512,2.0,9.0,Sim
189950,7,1426,1.0,216.0,912.0,912,1.0,7.0,Sim
131500,5,1039,2.0,504.0,1039.0,1039,1.0,6.0,Sim
152000,6,1097,2.0,480.0,1040.0,1097,2.0,,Sim
132500,5,1148,1.0,672.0,1148.0,1148,1.0,6.0,Sim
250580,7,1372,2.0,529.0,1372.0,1372,2.0,6.0,Sim
148500,5,1002,2.0,902.0,1002.0,1002,1.0,5.0,Sim
248900,8,1646,3.0,870.0,1638.0,1646,,6.0,Sim
129000,4,1120,2.0,544.0,1040.0,1120,1.0,5.0,Sim
169000,5,2320,2.0,672.0,0.0,1547,2.0,7.0,Sim
236000,7,1949,2.0,574.0,1050.0,1062,2.0,8.0,Sim
109500,5,894,1.0,308.0,894.0,894,1.0,5.0,Não
200500,6,1682,2.0,523.0,804.0,804,2.0,7.0,Sim
116000,5,910,2.0,414.0,105.0,910,1.0,5.0,Sim
133000,5,1268,1.0,288.0,832.0,1036,1.0,6.0,Sim
66500,5,1131,1.0,200.0,676.0,676,1.0,5.0,Sim
303477,8,2610,2.0,550.0,1184.0,1184,2.0,11.0,Sim
132250,4,1040,2.0,648.0,1064.0,1040,1.0,5.0,Sim
350000,9,2224,3.0,738.0,1462.0,1462,2.0,10.0,Sim
148000,5,1155,2.0,576.0,1109.0,1155,1.0,6.0,Sim
136500,5,864,1.0,336.0,864.0,864,1.0,6.0,Sim
157000,5,1090,2.0,450.0,1090.0,1090,1.0,5.0,Sim
187500,7,1717,2.0,400.0,1156.0,1187,2.0,7.0,Sim
178000,6,1593,2.0,389.0,808.0,808,2.0,7.0,Sim
118500,4,2230,1.0,440.0,795.0,954,1.0,10.0,Não
100000,5,892,1.0,288.0,892.0,892,1.0,5.0,Sim
328900,9,1709,2.0,506.0,1698.0,1709,2.0,5.0,Sim
145000,5,1712,2.0,588.0,1626.0,1712,2.0,8.0,Sim
135500,5,1393,,300.0,816.0,872,1.0,8.0,Sim
268000,8,2217,2.0,621.0,2217.0,2217,2.0,8.0,Sim
149500,6,1505,2.0,505.0,1505.0,1505,,6.0,Sim
122900,5,924,2.0,576.0,672.0,672,1.0,6.0,Sim
172500,6,1683,2.0,440.0,918.0,918,2.0,7.0,Sim
154500,6,1068,,264.0,1059.0,1068,1.0,6.0,Sim
165000,5,1383,1.0,354.0,1383.0,1383,1.0,6.0,Sim
118858,5,1535,2.0,400.0,0.0,1535,2.0,8.0,Sim
140000,6,1796,2.0,483.0,780.0,983,1.0,8.0,Sim
106500,4,951,1.0,327.0,,951,1.0,,Não
142953,5,2240,2.0,528.0,0.0,1120,2.0,12.0,Sim
611657,9,2364,3.0,820.0,2330.0,2364,2.0,11.0,Sim
135000,5,1236,1.0,288.0,912.0,1236,1.0,6.0,Sim
110000,4,858,1.0,684.0,858.0,858,1.0,4.0,Sim
153000,5,1306,1.0,756.0,992.0,1306,1.0,5.0,Sim
180000,7,1509,2.0,393.0,783.0,807,2.0,8.0,Sim
240000,7,1670,3.0,690.0,1670.0,1670,2.0,7.0,Sim
125500,5,902,1.0,288.0,876.0,902,1.0,6.0,Sim
128000,5,1063,1.0,280.0,1056.0,1063,1.0,6.0,Sim
255000,8,1636,3.0,865.0,1623.0,1636,2.0,8.0,Sim
250000,7,2057,1.0,180.0,1017.0,1020,1.0,6.0,Sim
131000,5,902,2.0,484.0,864.0,902,1.0,5.0,Sim
174000,6,1484,2.0,390.0,742.0,742,2.0,8.0,Sim
154300,5,2274,2.0,480.0,1105.0,1105,2.0,12.0,Sim
143500,5,1268,1.0,252.0,1268.0,1268,1.0,5.0,Sim
88000,5,1015,1.0,450.0,768.0,1015,1.0,6.0,Não
145000,5,2002,3.0,871.0,1001.0,1001,2.0,8.0,Não
173733,6,1224,2.0,528.0,612.0,612,2.0,4.0,Sim
75000,4,1092,1.0,286.0,546.0,546,1.0,6.0,Sim
35311,2,480,1.0,308.0,480.0,480,0.0,4.0,Não
135000,4,1229,1.0,284.0,1134.0,1229,1.0,6.0,Sim
238000,7,2127,3.0,833.0,1104.0,912,2.0,8.0,Sim
176500,6,1414,2.0,601.0,1184.0,1414,1.0,6.0,Sim
201000,6,1721,2.0,471.0,928.0,936,2.0,7.0,Sim
145900,5,2200,0.0,0.0,1272.0,1272,2.0,9.0,Sim
169990,6,1316,2.0,397.0,1316.0,1316,2.0,6.0,Sim
193000,6,1617,2.0,533.0,1604.0,1617,2.0,5.0,Sim
207500,6,1686,2.0,612.0,1686.0,1686,2.0,7.0,Sim
175000,5,1126,2.0,540.0,1126.0,1126,2.0,6.0,Sim
285000,8,2374,3.0,656.0,1181.0,1234,2.0,10.0,Sim
176000,7,1978,2.0,486.0,832.0,1098,2.0,9.0,Sim
236500,8,1788,2.0,522.0,1753.0,1788,2.0,7.0,Sim
222000,7,2236,2.0,642.0,964.0,993,2.0,8.0,Sim
201000,8,1466,3.0,610.0,1466.0,1466,2.0,7.0,Sim
117500,5,925,1.0,429.0,925.0,925,1.0,5.0,Sim
320000,9,1905,3.0,788.0,1905.0,1905,2.0,8.0,Sim
190000,7,1500,2.0,570.0,1500.0,1500,2.0,6.0,Sim
242000,7,2069,2.0,505.0,585.0,2069,2.0,9.0,Sim
79900,4,747,2.0,528.0,600.0,747,1.0,5.0,Sim
184900,7,1200,2.0,555.0,1176.0,1200,2.0,5.0,Sim
253000,7,1971,2.0,689.0,1113.0,1113,2.0,8.0,Sim
239799,7,1962,3.0,868.0,1391.0,1391,2.0,7.0,Sim
244400,7,2403,1.0,349.0,1032.0,1207,2.0,10.0,Sim
150900,6,1728,2.0,574.0,1728.0,1728,2.0,8.0,Sim
214000,7,2060,2.0,390.0,992.0,1022,2.0,8.0,Sim
150000,4,1440,0.0,0.0,1440.0,1440,2.0,8.0,Sim
143000,5,1632,2.0,576.0,1632.0,1632,2.0,8.0,Sim
137500,6,1344,2.0,525.0,819.0,1344,1.0,7.0,Sim
124900,5,1869,2.0,456.0,1088.0,1188,1.0,7.0,Sim
143000,5,1144,1.0,796.0,1144.0,1144,1.0,6.0,Sim
270000,8,1629,3.0,808.0,1616.0,1629,2.0,9.0,Sim
192500,7,1776,2.0,474.0,936.0,936,2.0,7.0,Sim
197500,6,1381,2.0,676.0,1161.0,1381,1.0,5.0,Sim
129000,5,864,2.0,720.0,864.0,864,1.0,5.0,Sim
119900,5,965,1.0,300.0,828.0,965,1.0,6.0,Sim
133900,5,768,1.0,396.0,768.0,768,,5.0,Sim
172000,5,1968,2.0,,784.0,1168,2.0,7.0,Sim
127500,6,980,0.0,0.0,945.0,980,2.0,4.0,Sim
145000,6,1958,2.0,492.0,979.0,979,2.0,8.0,Não
124000,6,1229,2.0,462.0,561.0,561,1.0,5.0,Sim
132000,5,1057,2.0,576.0,1057.0,1057,1.0,6.0,Sim
185000,7,1337,2.0,531.0,1337.0,1337,2.0,6.0,Sim
155000,7,1416,2.0,484.0,696.0,696,2.0,6.0,Sim
116500,5,858,0.0,0.0,858.0,858,1.0,4.0,Sim
272000,6,2872,2.0,619.0,1330.0,1542,2.0,11.0,Sim
155000,6,1548,2.0,440.0,804.0,804,2.0,7.0,Sim
239000,9,1800,2.0,702.0,1800.0,1800,2.0,7.0,Sim
214900,7,1894,2.0,510.0,817.0,824,2.0,8.0,Sim
178900,6,1484,2.0,393.0,783.0,783,2.0,8.0,Sim
160000,5,1308,1.0,256.0,728.0,976,,7.0,Sim
135000,5,1098,1.0,260.0,1098.0,1098,1.0,6.0,Sim
37900,3,968,0.0,0.0,600.0,600,1.0,6.0,Não
140000,6,1095,1.0,264.0,588.0,1095,1.0,6.0,Sim
135000,4,1192,0.0,0.0,720.0,720,1.0,6.0,Não
173000,7,1626,2.0,474.0,764.0,764,2.0,6.0,Sim
99500,6,918,1.0,264.0,918.0,918,2.0,5.0,Sim
182000,7,1428,2.0,480.0,1428.0,1428,2.0,6.0,Sim
167500,7,2019,2.0,532.0,728.0,1136,1.0,8.0,Não
165000,7,1382,2.0,490.0,673.0,673,2.0,6.0,Sim
85500,4,869,0.0,0.0,440.0,869,1.0,4.0,Sim
199900,7,1241,2.0,569.0,1241.0,1241,1.0,4.0,Sim
110000,4,894,2.0,400.0,894.0,894,1.0,5.0,Sim
139000,5,1121,2.0,480.0,1121.0,1121,1.0,5.0,Sim
178400,7,999,2.0,588.0,944.0,999,1.0,6.0,Sim
336000,8,2612,3.0,676.0,1225.0,1276,2.0,8.0,Sim
159895,7,1266,2.0,388.0,1266.0,1266,2.0,6.0,Sim
255900,8,2290,2.0,779.0,1128.0,1149,2.0,9.0,Sim
126000,5,1734,2.0,539.0,0.0,1302,2.0,8.0,Sim
125000,5,1164,1.0,240.0,1164.0,1164,1.0,5.0,Não
117000,6,1635,1.0,255.0,485.0,1001,1.0,5.0,Sim
395192,9,1940,3.0,606.0,1930.0,1940,2.0,8.0,Sim
195000,6,2030,2.0,551.0,848.0,1118,2.0,8.0,Sim
197000,7,1576,2.0,614.0,770.0,778,2.0,6.0,Sim
348000,8,2392,3.0,870.0,1396.0,1407,2.0,7.0,Sim
168000,8,1742,2.0,424.0,916.0,916,1.0,8.0,Sim
187000,6,1851,2.0,440.0,822.0,1020,2.0,7.0,Sim
173900,6,1500,2.0,564.0,750.0,750,2.0,6.0,Sim
337500,10,1718,3.0,786.0,1700.0,1718,2.0,7.0,Sim
121600,4,1230,1.0,305.0,747.0,774,1.0,5.0,Sim
136500,5,1050,1.0,,1050.0,1050,1.0,6.0,Sim
185000,6,1442,2.0,615.0,1442.0,1442,2.0,6.0,Sim
91000,3,1077,1.0,210.0,1007.0,1077,1.0,6.0,Não
206000,7,1208,2.0,632.0,1187.0,1208,,6.0,Sim
82000,3,944,2.0,528.0,0.0,944,1.0,4.0,Não
86000,5,691,1.0,216.0,,691,1.0,4.0,Sim
232000,8,1574,3.0,824.0,1574.0,1574,2.0,7.0,Sim
136905,5,1680,2.0,528.0,1680.0,1680,2.0,8.0,Sim
181000,7,1504,2.0,457.0,1346.0,1504,2.0,7.0,Sim
149900,5,985,1.0,328.0,985.0,985,2.0,6.0,Sim
163500,6,1657,2.0,484.0,1657.0,1657,2.0,7.0,Sim
88000,4,1092,1.0,286.0,546.0,546,1.0,6.0,Sim
240000,7,1710,2.0,550.0,1710.0,1710,2.0,7.0,Sim
102000,5,1522,0.0,0.0,1008.0,1008,2.0,7.0,Sim
135000,5,1271,1.0,312.0,720.0,720,2.0,7.0,Sim
100000,5,1664,0.0,0.0,0.0,1664,2.0,8.0,Não
165000,6,1502,1.0,180.0,602.0,900,1.0,7.0,Sim
85000,5,1022,1.0,280.0,1022.0,1022,1.0,4.0,Não
119200,6,1082,1.0,240.0,,1082,1.0,5.0,Sim
227000,8,1665,2.0,528.0,810.0,810,2.0,6.0,Sim
203000,7,1504,2.0,478.0,1504.0,1504,2.0,6.0,Sim
187500,8,1360,2.0,565.0,1220.0,1360,1.0,4.0,Sim
160000,7,1472,2.0,402.0,384.0,802,2.0,7.0,Sim
213490,7,1506,2.0,440.0,1362.0,1506,2.0,6.0,Sim
176000,4,1132,2.0,,1132.0,1132,1.0,5.0,Sim
194000,7,1220,2.0,632.0,1199.0,1220,2.0,6.0,Sim
87000,5,1248,1.0,160.0,912.0,912,1.0,6.0,Sim
191000,7,1504,2.0,437.0,1346.0,1504,2.0,7.0,Sim
287000,8,2898,2.0,665.0,1565.0,2898,2.0,10.0,Sim
112500,5,882,2.0,461.0,882.0,882,1.0,5.0,Sim
167500,5,1264,2.0,461.0,1268.0,1264,1.0,6.0,Sim
293077,8,1646,3.0,800.0,1638.0,1646,2.0,7.0,Sim
105000,5,1376,1.0,240.0,768.0,968,1.0,6.0,Sim
118000,6,1218,1.0,264.0,672.0,672,1.0,7.0,Sim
160000,5,1928,0.0,0.0,686.0,948,2.0,10.0,Sim
197000,7,3082,2.0,672.0,824.0,1687,2.0,12.0,Sim
310000,8,2520,3.0,796.0,1338.0,1352,2.0,10.0,Sim
230000,7,1654,3.0,900.0,1654.0,1654,2.0,6.0,Sim
119750,5,954,1.0,240.0,920.0,954,1.0,5.0,Sim
84000,4,845,1.0,290.0,0.0,845,1.0,5.0,Não
315500,9,1620,,912.0,1620.0,1620,2.0,6.0,Sim
287000,8,2263,2.0,905.0,1055.0,1055,2.0,7.0,Sim
97000,4,1344,0.0,0.0,546.0,798,1.0,6.0,Sim
80000,4,630,1.0,286.0,630.0,630,1.0,3.0,Sim
155000,5,1803,,484.0,1134.0,1803,2.0,8.0,Sim
173000,6,1632,2.0,484.0,800.0,800,1.0,7.0,Sim
196000,6,1306,2.0,624.0,1306.0,1306,2.0,5.0,Sim
262280,7,2329,2.0,514.0,1475.0,1532,2.0,10.0,Sim
278000,8,2524,2.0,542.0,2524.0,2524,2.0,9.0,Sim
139600,3,1733,2.0,452.0,0.0,1733,2.0,8.0,Sim
556581,9,2868,3.0,716.0,1992.0,1992,3.0,11.0,Sim
145000,5,990,2.0,672.0,990.0,990,1.0,5.0,Sim
115000,5,1771,2.0,336.0,0.0,1771,1.0,9.0,Sim
84900,4,930,1.0,308.0,0.0,930,1.0,6.0,Sim
176485,7,1302,2.0,436.0,1302.0,1302,2.0,6.0,Sim
200141,7,1316,2.0,440.0,1316.0,1316,2.0,6.0,Sim
165000,6,1977,2.0,540.0,816.0,1127,1.0,9.0,Sim
144500,5,1526,1.0,364.0,1216.0,1526,1.0,7.0,Sim
255000,8,1989,2.0,586.0,1065.0,1091,2.0,7.0,Sim
180000,6,1523,2.0,478.0,1193.0,1523,2.0,7.0,Sim
185850,7,1364,2.0,484.0,1364.0,1364,2.0,6.0,Sim
248000,7,1850,2.0,467.0,973.0,979,2.0,7.0,Sim
335000,9,2184,3.0,836.0,1104.0,1130,2.0,10.0,Sim
220000,6,1991,2.0,432.0,854.0,1096,1.0,7.0,Sim
213500,8,1338,2.0,582.0,1338.0,1338,2.0,6.0,Sim
81000,3,894,,1248.0,894.0,894,,6.0,Sim
90000,5,2337,2.0,560.0,662.0,1422,2.0,10.0,Não
110500,6,1103,2.0,440.0,1103.0,1103,1.0,5.0,Sim
154000,5,1154,2.0,480.0,1154.0,1154,1.0,6.0,Sim
328000,7,2260,2.0,533.0,1306.0,1306,2.0,7.0,Sim
178000,6,1571,2.0,380.0,799.0,799,2.0,7.0,Sim
167900,6,1611,2.0,442.0,780.0,798,1.0,7.0,Sim
151400,6,2521,2.0,576.0,942.0,1291,2.0,10.0,Sim
135000,5,893,2.0,576.0,845.0,893,1.0,4.0,Sim
135000,5,1048,1.0,286.0,1048.0,1048,1.0,6.0,Sim
154000,6,1556,2.0,441.0,727.0,829,1.0,8.0,Sim
91500,5,1456,1.0,280.0,810.0,1002,1.0,7.0,Sim
159500,6,1426,2.0,440.0,690.0,698,1.0,6.0,Sim
194000,7,1240,3.0,826.0,1240.0,1240,2.0,,Sim
219500,7,1740,1.0,240.0,800.0,960,1.0,6.0,Sim
170000,5,1466,2.0,566.0,796.0,1096,2.0,7.0,Sim
138800,5,1096,1.0,299.0,1096.0,1096,1.0,6.0,Sim
155900,6,848,2.0,420.0,848.0,848,1.0,3.0,Sim
126000,5,990,1.0,299.0,990.0,990,1.0,5.0,Sim
145000,6,1258,2.0,528.0,1258.0,1258,2.0,5.0,Sim
133000,5,1040,1.0,308.0,1040.0,1040,1.0,5.0,Sim
192000,7,1459,2.0,527.0,1459.0,1459,2.0,6.0,Sim
160000,6,1251,1.0,461.0,1251.0,1251,1.0,6.0,Sim
187500,6,1498,2.0,409.0,691.0,691,2.0,6.0,Sim
147000,6,996,2.0,564.0,936.0,996,1.0,5.0,Sim
83500,4,1092,1.0,286.0,546.0,546,1.0,6.0,Sim
252000,8,1953,3.0,1043.0,1082.0,1082,2.0,9.0,Sim
137500,7,1709,2.0,380.0,970.0,970,2.0,7.0,Sim
197000,8,1247,2.0,550.0,1247.0,1247,1.0,4.0,Sim
92900,3,1040,2.0,400.0,,1040,2.0,6.0,Não
160000,7,1252,2.0,462.0,600.0,624,2.0,4.0,Sim
136500,6,1694,2.0,576.0,1181.0,1390,2.0,7.0,Sim
146000,5,1200,2.0,884.0,864.0,1200,1.0,6.0,Sim
129000,5,936,1.0,308.0,936.0,936,1.0,4.0,Sim
176432,6,1314,2.0,440.0,1314.0,1314,2.0,6.0,Sim
127000,6,1355,0.0,0.0,684.0,773,1.0,7.0,Sim
170000,8,1088,2.0,461.0,1074.0,1088,1.0,5.0,Sim
128000,4,1324,1.0,240.0,672.0,757,1.0,6.0,Sim
157000,7,1601,2.0,478.0,1271.0,1601,2.0,7.0,Sim
60000,2,438,1.0,246.0,,438,1.0,3.0,Não
119500,5,950,1.0,280.0,950.0,950,1.0,5.0,Sim
135000,5,1134,1.0,254.0,1010.0,1134,1.0,6.0,Sim
159500,6,1194,,539.0,655.0,1194,1.0,6.0,Sim
106000,5,1302,2.0,440.0,630.0,630,2.0,6.0,Sim
325000,8,2622,2.0,712.0,1463.0,1500,2.0,9.0,Sim
179900,7,1442,,719.0,910.0,1442,2.0,6.0,Sim
274725,7,2021,2.0,422.0,868.0,887,2.0,9.0,Sim
181000,6,1690,2.0,463.0,924.0,948,2.0,7.0,Sim
280000,8,1836,3.0,862.0,1836.0,1836,2.0,7.0,Sim
188000,6,1658,2.0,431.0,773.0,773,2.0,8.0,Sim
205000,7,1964,2.0,483.0,803.0,1098,2.0,8.0,Sim
129900,5,816,1.0,308.0,816.0,816,1.0,5.0,Sim
134500,5,1008,1.0,240.0,1008.0,1008,1.0,6.0,Sim
117000,5,833,,326.0,833.0,833,1.0,4.0,Sim
318000,8,1734,3.0,928.0,1734.0,1734,2.0,7.0,Sim
184100,8,1419,2.0,527.0,408.0,779,2.0,7.0,Sim
130000,5,894,2.0,450.0,894.0,894,1.0,5.0,Sim
140000,5,1601,1.0,300.0,533.0,1021,1.0,6.0,Sim
133700,5,1040,1.0,286.0,1040.0,1040,1.0,6.0,Sim
118400,6,1012,1.0,308.0,1012.0,1012,1.0,6.0,Sim
212900,7,1552,,782.0,1552.0,1552,2.0,7.0,Sim
112000,4,960,1.0,288.0,672.0,960,1.0,5.0,Sim
118000,5,698,0.0,0.0,698.0,698,1.0,4.0,Sim
163900,7,1482,2.0,392.0,384.0,812,2.0,7.0,Sim
115000,4,1005,2.0,672.0,1005.0,1005,1.0,5.0,Sim
174000,7,1555,3.0,660.0,1373.0,1555,2.0,7.0,Sim
259000,7,1530,3.0,630.0,1530.0,1530,2.0,7.0,Sim
215000,7,1959,2.0,434.0,847.0,847,2.0,8.0,Sim
140000,5,936,2.0,672.0,936.0,936,1.0,4.0,Sim
135000,4,1981,2.0,576.0,1122.0,1328,2.0,7.0,Sim
93500,5,974,0.0,0.0,974.0,974,1.0,5.0,Sim
117500,6,2210,1.0,205.0,1008.0,1178,,8.0,Sim
239500,8,2020,2.0,466.0,1128.0,1142,2.0,8.0,Sim
169000,6,1600,2.0,460.0,916.0,916,2.0,7.0,Sim
102000,6,986,1.0,180.0,960.0,986,1.0,5.0,Não
119000,6,1252,1.0,288.0,1032.0,1032,1.0,6.0,Sim
94000,5,1020,0.0,0.0,780.0,780,1.0,6.0,Não
196000,6,1567,2.0,714.0,1567.0,1567,2.0,5.0,Sim
144000,5,1167,2.0,495.0,915.0,1167,1.0,6.0,Sim
139000,5,952,2.0,840.0,952.0,952,1.0,4.0,Sim
197500,5,1868,2.0,,780.0,1088,2.0,9.0,Sim
424870,8,2828,3.0,1052.0,1466.0,1466,3.0,11.0,Sim
80000,5,1006,0.0,0.0,1006.0,1006,1.0,5.0,Sim
80000,4,924,1.0,280.0,672.0,672,1.0,5.0,Não
149000,5,1576,1.0,225.0,1042.0,1042,1.0,8.0,Sim
180000,6,1298,2.0,403.0,1298.0,1298,2.0,5.0,Sim
174500,7,1564,1.0,234.0,704.0,860,1.0,7.0,Sim
116900,7,1111,1.0,288.0,572.0,572,1.0,5.0,Sim
143000,7,1482,2.0,324.0,650.0,832,1.0,7.0,Sim
124000,6,932,1.0,306.0,932.0,932,1.0,4.0,Sim
149900,5,1466,2.0,528.0,1466.0,1466,1.0,6.0,Sim
230000,6,1811,2.0,470.0,1073.0,1811,1.0,6.0,Sim
120500,6,816,1.0,432.0,816.0,816,1.0,5.0,Sim
201800,7,1820,2.0,492.0,864.0,902,1.0,8.0,Sim
218000,5,1437,2.0,528.0,1437.0,1437,2.0,6.0,Sim
179900,5,1265,2.0,502.0,1219.0,1265,2.0,6.0,Sim
230000,7,1314,2.0,626.0,1314.0,1314,2.0,6.0,Sim
235128,8,1580,3.0,830.0,1580.0,1580,2.0,7.0,Sim
185000,6,1876,2.0,540.0,901.0,943,2.0,8.0,Sim
146000,6,1456,2.0,440.0,855.0,855,2.0,7.0,Sim
224000,6,1640,,924.0,1296.0,1640,1.0,7.0,Sim
129000,5,894,2.0,450.0,894.0,894,1.0,5.0,Sim
108959,4,1258,2.0,400.0,1198.0,1258,0.0,6.0,Sim
194000,5,1432,2.0,588.0,1360.0,1432,1.0,5.0,Sim
233170,7,1502,2.0,644.0,1502.0,1502,2.0,7.0,Sim
245350,8,1694,3.0,776.0,1694.0,1694,2.0,7.0,Sim
173000,6,1671,2.0,472.0,959.0,959,2.0,7.0,Sim
235000,6,2108,2.0,540.0,1127.0,1236,2.0,7.0,Sim
625000,10,3627,3.0,807.0,1930.0,1831,3.0,10.0,Sim
171000,6,1118,1.0,358.0,1096.0,1118,1.0,6.0,Sim
163000,6,1261,2.0,433.0,1261.0,1261,1.0,6.0,Sim
171900,7,1250,2.0,625.0,625.0,625,2.0,5.0,Sim
200500,5,3086,0.0,0.0,1598.0,1636,3.0,12.0,Sim
239000,6,2345,2.0,360.0,952.0,1170,2.0,9.0,Sim
285000,8,2872,2.0,541.0,1683.0,2129,2.0,9.0,Sim
119500,5,923,1.0,264.0,876.0,923,1.0,5.0,Sim
115000,6,1224,1.0,210.0,818.0,818,1.0,5.0,Sim
154900,5,1343,1.0,186.0,731.0,820,1.0,7.0,Sim
93000,5,1124,0.0,0.0,0.0,1124,1.0,5.0,Sim
250000,7,2514,2.0,693.0,1216.0,1298,2.0,8.0,Sim
392500,8,1652,2.0,482.0,1600.0,1652,2.0,5.0,Sim
745000,10,4476,3.0,813.0,2396.0,2411,3.0,10.0,Sim
120000,5,1130,2.0,720.0,1120.0,1130,1.0,5.0,Sim
186700,5,1572,3.0,995.0,1572.0,1572,1.0,5.0,Sim
104900,5,1221,1.0,392.0,784.0,949,1.0,7.0,Sim
95000,3,1699,2.0,420.0,978.0,1014,2.0,7.0,Sim
262000,8,1624,3.0,757.0,1624.0,1624,2.0,5.0,Sim
195000,7,1660,2.0,493.0,831.0,831,2.0,7.0,Sim
189000,7,1804,2.0,442.0,994.0,1028,2.0,7.0,Sim
168000,4,1622,4.0,1356.0,1249.0,1622,1.0,7.0,Sim
174000,8,1441,2.0,492.0,776.0,764,2.0,5.0,Sim
125000,5,1472,1.0,250.0,702.0,842,1.0,6.0,Sim
165000,6,1224,2.0,402.0,1224.0,1224,2.0,5.0,Sim
158000,6,1352,1.0,299.0,663.0,663,1.0,7.0,Sim
176000,6,1456,2.0,400.0,728.0,728,2.0,8.0,Sim
219210,7,1863,3.0,660.0,879.0,879,2.0,9.0,Sim
144000,7,1690,1.0,225.0,815.0,815,1.0,7.0,Sim
178000,7,1212,2.0,573.0,1212.0,1212,2.0,6.0,Sim
148000,4,1382,2.0,459.0,1051.0,1382,1.0,6.0,Sim
116050,4,864,1.0,280.0,864.0,864,1.0,5.0,Sim
197900,7,1779,2.0,546.0,866.0,866,2.0,6.0,Sim
117000,5,1348,1.0,216.0,884.0,884,1.0,5.0,Sim
213000,7,1630,2.0,451.0,1630.0,1630,2.0,6.0,Sim
153500,5,1074,2.0,495.0,,1074,1.0,6.0,Sim
271900,7,2196,3.0,,2158.0,2196,2.0,7.0,Sim
107000,4,1056,1.0,384.0,1056.0,1056,1.0,5.0,Sim
200000,6,1700,2.0,544.0,1682.0,1700,2.0,7.0,Sim
140000,5,1283,2.0,506.0,931.0,1283,1.0,6.0,Sim
290000,8,1660,2.0,500.0,1660.0,1660,2.0,8.0,Sim
189000,6,1845,2.0,462.0,1055.0,1055,2.0,8.0,Sim
164000,8,1752,2.0,492.0,559.0,1080,2.0,8.0,Sim
113000,4,672,1.0,234.0,672.0,672,1.0,4.0,Sim
145000,4,960,1.0,364.0,648.0,960,0.0,3.0,Sim
134500,5,999,1.0,300.0,925.0,999,1.0,6.0,Sim
125000,5,894,1.0,384.0,894.0,894,1.0,5.0,Sim
112000,6,1902,2.0,539.0,0.0,1318,2.0,8.0,Sim
229456,8,1314,2.0,552.0,1300.0,1314,2.0,6.0,Sim
80500,4,912,0.0,0.0,0.0,672,1.0,3.0,Não
91500,6,1218,0.0,0.0,672.0,672,1.0,7.0,Sim
115000,5,912,1.0,288.0,912.0,912,1.0,5.0,Sim
134000,5,1211,1.0,322.0,952.0,1211,1.0,5.0,Sim
143000,6,1846,1.0,315.0,1040.0,1168,2.0,7.0,Sim
137900,5,2136,2.0,528.0,2136.0,2136,2.0,7.0,Não
184000,7,1490,2.0,388.0,788.0,788,2.0,8.0,Sim
145000,6,1138,1.0,264.0,588.0,1138,1.0,6.0,Sim
214000,6,1933,3.0,668.0,894.0,894,2.0,9.0,Sim
147000,5,912,2.0,576.0,912.0,912,1.0,5.0,Sim
367294,9,1702,3.0,1052.0,1702.0,1702,1.0,7.0,Sim
127000,5,1507,1.0,404.0,1075.0,1507,,7.0,Sim
190000,5,2620,2.0,600.0,1361.0,1361,2.0,12.0,Sim
132500,5,1190,2.0,540.0,1106.0,1190,1.0,6.0,Sim
101800,4,1224,2.0,462.0,0.0,1224,2.0,6.0,Sim
142000,5,1188,2.0,531.0,1188.0,1188,1.0,6.0,Sim
130000,5,1964,0.0,0.0,940.0,1024,1.0,7.0,Não
138887,5,1784,1.0,180.0,747.0,892,1.0,9.0,Sim
175500,7,1626,2.0,474.0,764.0,764,2.0,6.0,Sim
195000,7,1948,2.0,434.0,847.0,847,2.0,8.0,Sim
142500,6,1141,2.0,484.0,1141.0,1141,1.0,6.0,Sim
265900,8,1484,2.0,472.0,1476.0,1484,2.0,6.0,Sim
224900,7,1768,2.0,543.0,884.0,884,2.0,8.0,Sim
248328,7,1689,3.0,954.0,1689.0,1689,2.0,7.0,Sim
170000,7,1173,2.0,528.0,1053.0,1173,2.0,6.0,Sim
465000,10,2076,3.0,850.0,2076.0,2076,2.0,7.0,Sim
230000,8,1517,2.0,400.0,792.0,792,1.0,7.0,Sim
178000,6,1868,2.0,477.0,585.0,1140,3.0,7.0,Sim
186500,7,1553,2.0,615.0,756.0,756,2.0,,Sim
169900,6,1034,3.0,888.0,1012.0,1034,1.0,6.0,Sim
129500,6,2058,2.0,396.0,735.0,1134,1.0,8.0,Não
119000,5,988,1.0,276.0,,988,1.0,6.0,Sim
244000,7,2110,2.0,522.0,2110.0,2110,2.0,8.0,Sim
171750,7,1405,2.0,478.0,1405.0,1405,2.0,6.0,Sim
130000,5,874,1.0,288.0,864.0,874,1.0,5.0,Sim
294000,7,2167,,518.0,1192.0,1516,2.0,9.0,Sim
165400,7,1656,2.0,397.0,746.0,760,2.0,7.0,Sim
127500,6,1367,1.0,560.0,884.0,959,1.0,6.0,Sim
301500,8,1987,2.0,691.0,1986.0,1987,2.0,7.0,Sim
99900,5,864,0.0,0.0,864.0,864,1.0,,Sim
190000,7,1166,2.0,400.0,856.0,1166,2.0,5.0,Sim
151000,6,1054,2.0,460.0,1054.0,1054,1.0,6.0,Sim
181000,6,1675,2.0,502.0,841.0,892,2.0,7.0,Sim
128900,5,1050,1.0,338.0,1050.0,1050,1.0,5.0,Sim
161500,4,1788,1.0,304.0,1104.0,1104,1.0,8.0,Sim
180500,6,1824,2.0,520.0,764.0,1060,1.0,8.0,Sim
181000,6,1337,2.0,511.0,1405.0,1337,2.0,5.0,Sim
183900,7,1452,2.0,506.0,691.0,713,2.0,6.0,Sim
122000,7,1889,1.0,308.0,925.0,964,1.0,9.0,Não
378500,9,2018,3.0,746.0,2002.0,2018,2.0,10.0,Sim
381000,8,3447,3.0,1014.0,728.0,1968,3.0,11.0,Sim
144000,5,1524,1.0,315.0,874.0,874,1.0,7.0,Sim
260000,7,1524,2.0,586.0,1332.0,1332,0.0,4.0,Sim
185750,6,1489,2.0,462.0,1489.0,1489,2.0,7.0,Sim
137000,5,935,1.0,288.0,935.0,935,1.0,5.0,Sim
177000,6,1357,1.0,312.0,1019.0,1357,1.0,5.0,Sim
139000,5,1250,2.0,552.0,661.0,661,2.0,8.0,Sim
137000,5,1920,2.0,400.0,928.0,928,2.0,10.0,Sim
162000,6,1395,2.0,497.0,723.0,735,1.0,6.0,Sim
197900,6,1724,2.0,480.0,1680.0,1724,1.0,7.0,Sim
237000,8,2031,2.0,577.0,1128.0,1128,2.0,7.0,Sim
68400,4,1128,2.0,528.0,698.0,698,1.0,6.0,Sim
227000,7,1573,2.0,544.0,1573.0,1573,2.0,6.0,Sim
180000,7,1339,2.0,484.0,1309.0,1339,2.0,6.0,Sim
150500,5,1040,2.0,484.0,1040.0,1040,2.0,5.0,Sim
139000,6,1824,0.0,0.0,912.0,912,2.0,8.0,Sim
169000,6,2447,1.0,336.0,804.0,1699,2.0,10.0,Sim
132500,6,1412,1.0,280.0,780.0,825,1.0,6.0,Sim
143000,6,1328,2.0,528.0,1328.0,1328,1.0,6.0,Sim
190000,5,1582,2.0,390.0,1624.0,1582,,7.0,Sim
278000,8,1659,2.0,499.0,1501.0,1659,2.0,5.0,Sim
281000,8,1970,3.0,753.0,1085.0,1120,2.0,8.0,Sim
180500,5,1152,2.0,484.0,1152.0,1152,1.0,6.0,Sim
119500,5,1302,1.0,264.0,630.0,630,2.0,6.0,Sim
107500,5,2372,1.0,432.0,994.0,1378,2.0,11.0,Não
162900,7,1664,2.0,528.0,832.0,832,2.0,8.0,Sim
115000,5,864,2.0,572.0,864.0,864,1.0,5.0,Sim
138500,5,1052,1.0,288.0,1052.0,1052,1.0,5.0,Sim
155000,5,1128,2.0,525.0,1120.0,1128,2.0,6.0,Sim
140000,6,1072,2.0,525.0,547.0,1072,2.0,5.0,Sim
160000,10,5642,2.0,1418.0,6110.0,4692,2.0,12.0,Sim
154000,5,1246,1.0,305.0,1246.0,1246,1.0,6.0,Sim
225000,7,1983,2.0,490.0,978.0,1005,2.0,9.0,Sim
177500,6,1494,1.0,213.0,771.0,753,1.0,7.0,Sim
290000,8,2526,3.0,844.0,1165.0,1203,2.0,8.0,Sim
232000,7,1616,3.0,834.0,1616.0,1616,2.0,7.0,Sim
130000,7,1708,2.0,380.0,976.0,976,2.0,7.0,Sim
325000,9,1652,2.0,840.0,1652.0,1652,2.0,6.0,Sim
202500,7,1368,2.0,474.0,1368.0,1368,2.0,6.0,Sim
138000,5,990,,480.0,990.0,990,1.0,5.0,Sim
147000,5,1122,2.0,528.0,924.0,1122,1.0,6.0,Sim
179200,6,1294,2.0,496.0,1278.0,1294,2.0,6.0,Sim
335000,7,1902,2.0,,1902.0,1902,2.0,7.0,Sim
203000,7,1274,2.0,,1274.0,1274,2.0,6.0,Sim
302000,8,2810,2.0,750.0,1453.0,1453,2.0,9.0,Sim
333168,9,2599,3.0,779.0,1393.0,1422,2.0,10.0,Sim
119000,4,948,1.0,280.0,948.0,948,1.0,5.0,Sim
206900,6,2112,2.0,576.0,952.0,1092,2.0,9.0,Sim
295493,8,1630,3.0,860.0,1622.0,1630,2.0,8.0,Sim
208900,7,1352,2.0,466.0,1352.0,1352,2.0,5.0,Sim
275000,8,1787,3.0,748.0,1753.0,1787,2.0,7.0,Sim
111000,4,948,1.0,248.0,864.0,948,1.0,5.0,Sim
156500,6,1478,2.0,442.0,1478.0,1478,1.0,6.0,Sim
72500,3,720,1.0,287.0,0.0,720,1.0,4.0,Não
190000,7,1923,2.0,564.0,750.0,1061,2.0,8.0,Sim
82500,4,708,0.0,0.0,420.0,708,1.0,5.0,Sim
147000,8,1795,3.0,895.0,1795.0,1795,2.0,7.0,Sim
55000,4,796,0.0,0.0,796.0,796,1.0,5.0,Não
79000,3,774,0.0,0.0,544.0,774,1.0,6.0,Sim
130500,5,816,1.0,264.0,816.0,816,1.0,5.0,Sim
256000,6,2792,2.0,520.0,1510.0,1584,2.0,8.0,Sim
176500,7,1632,2.0,462.0,935.0,955,,8.0,Sim
227000,8,1588,3.0,825.0,1588.0,1588,2.0,7.0,Sim
132500,5,954,2.0,576.0,911.0,954,1.0,6.0,Sim
100000,4,816,1.0,288.0,816.0,816,1.0,3.0,Sim
125500,5,1360,1.0,297.0,803.0,803,1.0,6.0,Sim
125000,5,1365,2.0,440.0,765.0,765,1.0,7.0,Sim
167900,6,1334,2.0,630.0,1350.0,1334,2.0,6.0,Sim
135000,5,1656,2.0,506.0,1656.0,1656,2.0,8.0,Sim
52500,4,693,0.0,0.0,693.0,693,1.0,4.0,Não
200000,7,1861,2.0,492.0,916.0,920,2.0,8.0,Sim
128500,5,864,1.0,288.0,864.0,864,1.0,5.0,Sim
123000,4,872,4.0,480.0,858.0,872,1.0,5.0,Sim
155000,6,1114,2.0,576.0,1114.0,1114,1.0,,Sim
228500,8,2169,2.0,647.0,1284.0,1284,2.0,7.0,Sim
177000,6,1913,2.0,,896.0,1172,1.0,9.0,Sim
155835,7,1456,2.0,440.0,728.0,728,2.0,8.0,Sim
108500,4,960,1.0,308.0,960.0,960,1.0,5.0,Sim
262500,7,2156,2.0,508.0,1568.0,2156,2.0,9.0,Sim
283463,8,1776,3.0,712.0,1732.0,1776,2.0,7.0,Sim
215000,7,1494,2.0,514.0,1482.0,1494,2.0,5.0,Sim
122000,8,2358,0.0,0.0,684.0,938,,8.0,Não
200000,5,2634,4.0,968.0,1248.0,1338,2.0,12.0,Sim
171000,6,1716,2.0,490.0,858.0,858,1.0,8.0,Sim
134900,6,1176,2.0,624.0,698.0,786,1.0,4.0,Sim
410000,8,3238,3.0,666.0,2033.0,2053,2.0,9.0,Sim
235000,7,1865,3.0,839.0,992.0,992,2.0,7.0,Sim
170000,7,1920,2.0,487.0,570.0,1222,3.0,8.0,Sim
110000,5,892,1.0,264.0,864.0,892,1.0,5.0,Sim
149900,5,1078,2.0,500.0,1078.0,1078,1.0,6.0,Sim
177500,6,1573,2.0,440.0,756.0,769,2.0,5.0,Sim
315000,9,1980,3.0,770.0,1980.0,1980,2.0,8.0,Sim
189000,5,2601,2.0,621.0,612.0,990,3.0,8.0,Sim
260000,7,1530,2.0,430.0,1530.0,1530,2.0,7.0,Sim
104900,4,1738,1.0,368.0,715.0,1281,2.0,7.0,Sim
156932,6,1412,2.0,432.0,616.0,616,2.0,6.0,Sim
144152,7,1200,2.0,480.0,600.0,520,2.0,4.0,Sim
216000,7,1674,2.0,663.0,814.0,814,2.0,7.0,Sim
193000,7,1790,2.0,588.0,873.0,882,2.0,7.0,Sim
127000,5,1475,1.0,336.0,757.0,925,2.0,6.0,Sim
144000,6,848,2.0,420.0,848.0,848,1.0,4.0,Sim
232000,8,1668,2.0,502.0,1657.0,1668,2.0,8.0,Sim
105000,4,1374,1.0,338.0,840.0,840,1.0,6.0,Sim
165500,6,1661,1.0,377.0,992.0,1661,1.0,8.0,Sim
274300,7,2097,2.0,583.0,1108.0,1108,2.0,8.0,Sim
466500,10,2633,3.0,804.0,2633.0,2633,2.0,8.0,Sim
250000,7,1958,3.0,936.0,1026.0,1026,2.0,9.0,Sim
239000,8,1571,3.0,722.0,1571.0,1571,2.0,7.0,Sim
91000,6,790,1.0,160.0,768.0,790,,4.0,Não
117000,5,1604,2.0,660.0,984.0,984,2.0,6.0,Sim
83000,6,987,1.0,264.0,483.0,483,1.0,5.0,Sim
167500,5,1394,2.0,400.0,384.0,754,2.0,7.0,Sim
58500,3,864,1.0,200.0,864.0,864,1.0,5.0,Não
237500,6,2117,2.0,550.0,1205.0,2117,2.0,7.0,Sim
157000,7,1762,2.0,576.0,596.0,998,1.0,8.0,Sim
112000,5,1416,2.0,576.0,816.0,1416,2.0,7.0,Sim
105000,6,1258,1.0,280.0,560.0,698,1.0,6.0,Sim
125500,4,1154,1.0,240.0,796.0,796,1.0,7.0,Sim
250000,7,2784,2.0,564.0,1392.0,1392,3.0,12.0,Sim
136000,6,2526,1.0,216.0,714.0,1664,2.0,10.0,Não
377500,9,1746,3.0,758.0,1746.0,1746,2.0,7.0,Sim
131000,6,1218,2.0,440.0,735.0,869,1.0,6.0,Sim
235000,7,1525,2.0,541.0,1525.0,1525,2.0,6.0,Sim
124000,5,1584,3.0,792.0,1584.0,1584,2.0,8.0,Sim
123000,5,900,1.0,288.0,864.0,900,1.0,6.0,Sim
163000,6,1912,2.0,672.0,482.0,1221,2.0,7.0,Não
246578,7,1500,3.0,648.0,1356.0,1500,2.0,6.0,Sim
281213,8,2482,3.0,642.0,1094.0,1133,2.0,9.0,Sim
160000,5,1687,2.0,572.0,747.0,1687,1.0,7.0,Sim
137500,5,1513,1.0,180.0,939.0,939,1.0,8.0,Sim
138000,5,1904,1.0,240.0,1208.0,1136,1.0,7.0,Sim
137450,6,1608,1.0,216.0,976.0,1160,2.0,7.0,Sim
120000,6,1158,1.0,208.0,862.0,950,1.0,5.0,Sim
193000,6,1593,2.0,398.0,839.0,864,2.0,8.0,Sim
193879,7,1294,2.0,662.0,1286.0,1294,2.0,6.0,Sim
282922,8,1464,3.0,754.0,1485.0,1464,2.0,6.0,Sim
105000,3,1214,3.0,936.0,672.0,694,1.0,6.0,Sim
275000,8,1646,2.0,482.0,1594.0,1646,2.0,5.0,Sim
133000,5,768,2.0,396.0,768.0,768,1.0,5.0,Sim
112000,5,833,0.0,0.0,833.0,833,1.0,5.0,Sim
125500,4,1363,2.0,528.0,622.0,741,1.0,6.0,Sim
215000,7,2093,2.0,542.0,791.0,1236,2.0,,Sim
230000,7,1840,2.0,622.0,944.0,944,2.0,6.0,Sim
140000,6,1668,1.0,271.0,856.0,1112,1.0,6.0,Sim
90000,4,1040,2.0,420.0,0.0,1040,2.0,6.0,Não
257000,8,1844,2.0,620.0,1844.0,1844,2.0,7.0,Sim
207000,6,1848,2.0,370.0,833.0,1053,1.0,8.0,Sim
175900,7,1569,3.0,660.0,1386.0,1569,2.0,7.0,Sim
122500,4,2290,2.0,560.0,777.0,1246,2.0,11.0,Sim
340000,8,2450,3.0,1069.0,1284.0,1310,2.0,7.0,Sim
124000,5,1144,1.0,336.0,1144.0,1144,1.0,6.0,Sim
223000,6,1844,2.0,540.0,1844.0,1844,2.0,7.0,Sim
179900,6,1416,2.0,776.0,708.0,708,2.0,7.0,Sim
127500,6,1069,2.0,440.0,1069.0,1069,2.0,4.0,Sim
136500,6,848,2.0,420.0,848.0,848,1.0,3.0,Sim
274970,6,2201,2.0,432.0,697.0,1575,2.0,8.0,Sim
144000,5,1344,1.0,484.0,1024.0,1344,1.0,6.0,Sim
142000,6,1252,2.0,528.0,1252.0,1252,1.0,7.0,Sim
271000,7,2127,2.0,525.0,1223.0,1223,2.0,5.0,Sim
140000,5,1558,1.0,288.0,913.0,1048,1.0,6.0,Sim
119000,5,804,1.0,240.0,788.0,804,1.0,4.0,Sim
182900,6,1440,2.0,467.0,1440.0,1440,,7.0,Sim
192140,5,1838,2.0,372.0,732.0,734,2.0,7.0,Sim
143750,6,958,2.0,440.0,958.0,958,2.0,5.0,Sim
64500,4,968,1.0,216.0,656.0,968,2.0,5.0,Sim
186500,6,1792,2.0,451.0,936.0,962,2.0,8.0,Sim
160000,5,1126,2.0,484.0,1126.0,1126,2.0,5.0,Sim
174000,6,1537,2.0,462.0,1319.0,1537,1.0,7.0,Sim
120500,4,864,2.0,528.0,864.0,864,1.0,5.0,Sim
394617,8,1932,3.0,774.0,1932.0,1932,2.0,7.0,Sim
149700,6,1236,2.0,923.0,912.0,1236,1.0,6.0,Sim
197000,7,1725,2.0,550.0,539.0,1040,2.0,6.0,Sim
191000,6,2555,2.0,672.0,588.0,1423,2.0,11.0,Sim
149300,6,848,2.0,420.0,848.0,848,1.0,3.0,Sim
310000,10,2007,3.0,812.0,1017.0,1026,2.0,10.0,Sim
121000,6,952,1.0,192.0,952.0,952,1.0,4.0,Não
179600,7,1422,2.0,626.0,1422.0,1422,2.0,7.0,Sim
129000,6,913,1.0,240.0,814.0,913,1.0,6.0,Sim
157900,5,1188,1.0,312.0,1188.0,1188,1.0,6.0,Sim
240000,8,2090,2.0,556.0,1220.0,1220,2.0,8.0,Sim
112000,4,1346,1.0,384.0,560.0,796,1.0,6.0,Não
92000,5,630,0.0,0.0,630.0,630,1.0,3.0,Sim
136000,5,1792,0.0,0.0,896.0,896,2.0,8.0,Sim
287090,8,1578,3.0,840.0,,1578,2.0,7.0,Sim
145000,5,1072,2.0,525.0,547.0,1072,1.0,5.0,Sim
84500,5,1140,0.0,0.0,1140.0,1140,1.0,6.0,Sim
185000,7,1221,2.0,400.0,1221.0,1221,2.0,6.0,Sim
175000,6,1647,2.0,460.0,953.0,953,2.0,7.0,Sim
210000,6,2073,2.0,500.0,1542.0,2073,2.0,7.0,Sim
266500,7,2340,1.0,252.0,1152.0,1188,2.0,9.0,Sim
142125,5,1078,1.0,240.0,1078.0,1078,1.0,5.0,Sim
147500,5,1256,1.0,276.0,1256.0,1256,1.0,6.0,Sim
